fbgn,gene,bundle_partners,network_degree,covered,missing,missing_bundleless,pct_covered
FBgn0032821,CdGAPr,2,8,2,6,0,25.0
FBgn0039581,Moca-cyp,3,12,3,9,0,25.0
FBgn0028554,x16,2,7,2,5,0,28.6
FBgn0039790,CG2246,2,6,2,4,0,33.3
FBgn0036372,Abp1,2,6,2,4,0,33.3
FBgn0010434,cora,3,8,3,5,0,37.5
FBgn0035253,Srrm234,2,5,2,3,0,40.0
FBgn0041210,HDAC4,2,5,2,3,0,40.0
FBgn0030268,Klp10A,2,5,2,3,0,40.0
FBgn0002891,DNApol-zeta,2,5,2,3,0,40.0
FBgn0010397,LamC,3,7,3,4,0,42.9
FBgn0031497,SerRS,2,4,2,2,0,50.0
FBgn0019637,Atu,2,4,2,2,0,50.0
FBgn0010825,Gug,3,6,3,3,0,50.0
FBgn0029840,raptor,3,6,3,3,0,50.0
FBgn0004378,Klp61F,3,6,3,3,0,50.0
FBgn0036340,Srrm1,4,8,4,4,0,50.0
FBgn0020261,pcm,3,6,3,3,0,50.0
FBgn0036958,CG17233,2,2,1,1,0,50.0
FBgn0028471,Nab2,5,10,5,5,0,50.0
FBgn0037702,CG8176,2,4,2,2,0,50.0
FBgn0003963,ush,2,4,2,2,0,50.0
FBgn0024248,chico,8,16,8,8,0,50.0
FBgn0259978,vlc,2,2,1,1,0,50.0
FBgn0023172,RhoGEF2,7,13,7,6,0,53.8
FBgn0041781,SCAR,6,11,6,5,0,54.5
FBgn0261570,raskol,5,9,5,4,0,55.6
FBgn0019968,Khc-73,4,7,4,3,0,57.1
FBgn0284442,Mcm3,4,7,4,3,0,57.1
FBgn0003977,vir,4,7,4,3,0,57.1
FBgn0021760,chb,4,7,4,3,0,57.1
FBgn0265991,Zasp52,5,7,4,3,0,57.1
FBgn0015513,mbc,3,5,3,2,0,60.0
FBgn0025865,Cortactin,3,5,3,2,0,60.0
FBgn0020306,dom,3,5,3,2,0,60.0
FBgn0042712,HBS1,3,5,3,2,0,60.0
FBgn0035720,CG10077,3,5,3,2,0,60.0
FBgn0250788,beta-Spec,3,5,3,2,0,60.0
FBgn0031266,Sf3b1,3,5,3,2,0,60.0
FBgn0285926,Imp,3,5,3,2,0,60.0
FBgn0014861,Mcm2,7,11,7,4,0,63.6
FBgn0029006,Smurf,7,11,7,4,0,63.6
FBgn0260991,Incenp,8,12,8,4,0,66.7
FBgn0037073,Tsr1,2,3,2,1,0,66.7
FBgn0260003,Dys,2,3,2,1,0,66.7
FBgn0051352,Unc-115a,2,3,2,1,0,66.7
FBgn0036487,Prp31,2,3,2,1,0,66.7
FBgn0023518,trr,2,3,2,1,0,66.7
FBgn0041164,armi,2,3,2,1,0,66.7
FBgn0023512,eIF2Bepsilon,2,3,2,1,0,66.7
FBgn0004049,yrt,2,3,2,1,0,66.7
FBgn0030354,Upf1,2,3,2,1,0,66.7
FBgn0039470,CG6296,2,3,2,1,1,66.7
FBgn0050372,Asap,2,3,2,1,0,66.7
FBgn0038606,CG15803,2,3,2,1,0,66.7
FBgn0013756,Mtor,2,3,2,1,0,66.7
FBgn0250789,alpha-Spec,2,3,2,1,0,66.7
FBgn0000543,ecd,2,3,2,1,0,66.7
FBgn0027356,Amph,6,9,6,3,0,66.7
FBgn0013548,l(2)dtl,2,3,2,1,0,66.7
FBgn0284244,l(2)k05911,2,3,2,1,1,66.7
FBgn0250753,kra,2,3,2,1,0,66.7
FBgn0039488,CG6066,2,3,2,1,0,66.7
FBgn0043070,MESK2,2,3,2,1,0,66.7
FBgn0037707,RnpS1,6,9,6,3,0,66.7
FBgn0003392,shi,4,6,4,2,0,66.7
FBgn0035294,Mfap1,2,3,2,1,0,66.7
FBgn0020655,ArfGAP1,2,3,2,1,0,66.7
FBgn0027948,msps,2,3,2,1,0,66.7
FBgn0030855,CG5800,2,3,2,1,0,66.7
FBgn0035273,CG12020,2,3,2,1,0,66.7
FBgn0003016,osp,2,3,2,1,0,66.7
FBgn0030087,CG7766,2,3,2,1,0,66.7
FBgn0000996,dup,4,6,4,2,0,66.7
FBgn0000414,Dab,2,3,2,1,0,66.7
FBgn0025802,Sbf,2,3,2,1,0,66.7
FBgn0052313,CG32313,2,3,2,1,1,66.7
FBgn0039157,Myo95E,2,3,2,1,0,66.7
FBgn0022029,l(2)k01209,2,3,2,1,0,66.7
FBgn0040232,cmet,2,3,2,1,0,66.7
FBgn0261931,CG42797,6,9,6,3,0,66.7
FBgn0010339,128up,2,3,2,1,0,66.7
FBgn0014024,Rnp4F,2,3,2,1,0,66.7
FBgn0041582,tamo,2,3,2,1,0,66.7
FBgn0263289,scrib,10,15,10,5,0,66.7
FBgn0035766,eco,4,6,4,2,0,66.7
FBgn0261872,scaf6,2,3,2,1,0,66.7
FBgn0033961,ND-B15,2,3,2,1,1,66.7
FBgn0034029,eIF2Bgamma,2,3,2,1,0,66.7
FBgn0285955,cv-c,4,6,4,2,0,66.7
FBgn0032210,CYLD,2,3,2,1,0,66.7
FBgn0039210,CG13625,4,6,4,2,0,66.7
FBgn0041789,Pax,10,13,9,4,0,69.2
FBgn0037182,ArfGAP3,7,10,7,3,0,70.0
FBgn0041775,tral,7,10,7,3,0,70.0
FBgn0001263,inaD,5,7,5,2,0,71.4
FBgn0285947,RpS10b,5,7,5,2,0,71.4
FBgn0283477,SF2,5,7,5,2,0,71.4
FBgn0034921,DCP1,5,7,5,2,0,71.4
FBgn0265298,SC35,10,14,10,4,0,71.4
FBgn0015929,dpa,5,7,5,2,0,71.4
FBgn0038454,CG10324,8,11,8,3,0,72.7
FBgn0030412,Tomosyn,8,11,8,3,0,72.7
FBgn0003165,pum,11,15,11,4,0,73.3
FBgn0011591,fng,3,4,3,1,1,75.0
FBgn0030699,CG8578,3,4,3,1,0,75.0
FBgn0031191,Cp110,6,8,6,2,0,75.0
FBgn0033349,CG8243,3,4,3,1,0,75.0
FBgn0011573,Cdc37,9,12,9,3,0,75.0
FBgn0259984,kuz,3,4,3,1,1,75.0
FBgn0004179,Csp,3,4,3,1,0,75.0
FBgn0086442,mib2,3,4,3,1,1,75.0
FBgn0263197,Patronin,3,4,3,1,0,75.0
FBgn0035781,CG8560,3,4,3,1,1,75.0
FBgn0035205,Ctr9,3,4,3,1,0,75.0
FBgn0010750,atms,3,4,3,1,0,75.0
FBgn0029823,Shmt,3,4,3,1,0,75.0
FBgn0000412,D1,3,4,3,1,0,75.0
FBgn0030753,rngo,3,4,3,1,0,75.0
FBgn0037137,Nopp140,7,8,6,2,0,75.0
FBgn0000464,Lar,9,12,9,3,1,75.0
FBgn0022942,Cbp80,6,8,6,2,0,75.0
FBgn0050035,Tret1-1,3,4,3,1,0,75.0
FBgn0263601,mib1,3,4,3,1,1,75.0
FBgn0002924,ncd,3,4,3,1,0,75.0
FBgn0029629,eIF3g1,3,4,3,1,0,75.0
FBgn0001087,g,3,4,3,1,0,75.0
FBgn0004428,LysE,3,4,3,1,1,75.0
FBgn0022987,qkr54B,6,8,6,2,0,75.0
FBgn0041342,Pcyt1,3,4,3,1,0,75.0
FBgn0266421,RPA3,3,4,3,1,0,75.0
FBgn0270927,betaGlu,3,4,3,1,0,75.0
FBgn0039213,atl,3,4,3,1,0,75.0
FBgn0000559,eEF2,3,4,3,1,0,75.0
FBgn0003261,Rm62,6,8,6,2,0,75.0
FBgn0004647,N,13,17,13,4,1,76.5
FBgn0039936,Gyf,10,13,10,3,0,76.9
FBgn0050122,CG30122,10,13,10,3,0,76.9
FBgn0037737,Pnn,7,9,7,2,0,77.8
FBgn0259228,C3G,7,9,7,2,0,77.8
FBgn0262519,Mi-2,7,9,7,2,0,77.8
FBgn0011202,dia,7,9,7,2,0,77.8
FBgn0031006,rictor,7,9,7,2,0,77.8
FBgn0259176,bun,7,9,7,2,0,77.8
FBgn0040273,Spt5,11,14,11,3,0,78.6
FBgn0016794,dos,15,19,15,4,0,78.9
FBgn0005198,gig,19,24,19,5,0,79.2
FBgn0051371,CG31371,4,5,4,1,1,80.0
FBgn0036254,CG5645,4,5,4,1,0,80.0
FBgn0267385,PyK,4,5,4,1,0,80.0
FBgn0053526,PNUTS,8,10,8,2,0,80.0
FBgn0039141,spas,4,5,4,1,0,80.0
FBgn0038747,RhoGAP92B,4,5,4,1,0,80.0
FBgn0031799,Pez,8,10,8,2,0,80.0
FBgn0266917,Sf3a1,4,5,4,1,0,80.0
FBgn0260634,eIF4G2,5,5,4,1,0,80.0
FBgn0030366,Usp7,8,10,8,2,0,80.0
FBgn0086694,Bre1,4,5,4,1,1,80.0
FBgn0265778,PDZ-GEF,4,5,4,1,0,80.0
FBgn0026196,nop5,4,5,4,1,0,80.0
FBgn0010770,ppan,12,15,12,3,0,80.0
FBgn0031883,Caper,8,10,8,2,0,80.0
FBgn0031318,CG4887,5,5,4,1,0,80.0
FBgn0259212,cno,8,10,8,2,0,80.0
FBgn0260936,scny,4,5,4,1,0,80.0
FBgn0025866,CalpB,4,5,4,1,0,80.0
FBgn0286788,Orc1,4,5,4,1,0,80.0
FBgn0036299,Tsf2,4,5,4,1,0,80.0
FBgn0262872,milt,4,5,4,1,0,80.0
FBgn0031437,Arpc5,4,5,4,1,0,80.0
FBgn0260766,CG42564,4,5,4,1,1,80.0
FBgn0004587,B52,17,21,17,4,0,81.0
FBgn0015589,Apc,13,16,13,3,0,81.2
FBgn0038320,Sra-1,9,11,9,2,0,81.8
FBgn0001225,Hsp26,9,11,9,2,0,81.8
FBgn0011692,pav,14,17,14,3,0,82.4
FBgn0036534,DCP2,5,6,5,1,0,83.3
FBgn0001989,ND-B17,5,6,5,1,1,83.3
FBgn0000140,asp,5,6,5,1,0,83.3
FBgn0264357,SNF4Agamma,5,6,5,1,0,83.3
FBgn0036155,CG6163,5,6,5,1,0,83.3
FBgn0031759,lid,5,6,5,1,0,83.3
FBgn0032701,CG10341,5,6,5,1,0,83.3
FBgn0004854,B-H2,5,6,5,1,0,83.3
FBgn0030067,Rbm13,5,6,5,1,0,83.3
FBgn0083969,CG34133,5,6,5,1,0,83.3
FBgn0010488,NAT1,5,6,5,1,0,83.3
FBgn0025781,Cdc16,5,6,5,1,0,83.3
FBgn0030164,CG1889,5,6,5,1,1,83.3
FBgn0040283,SMC1,5,6,5,1,0,83.3
FBgn0267390,dop,20,24,20,4,0,83.3
FBgn0028387,chm,5,6,5,1,0,83.3
FBgn0000163,baz,15,18,15,3,0,83.3
FBgn0033312,CG8642,5,6,5,1,1,83.3
FBgn0022740,HLH54F,5,6,5,1,0,83.3
FBgn0035162,Sf3b3,5,6,5,1,0,83.3
FBgn0003218,rdgB,5,6,5,1,0,83.3
FBgn0015803,RtGEF,6,6,5,1,0,83.3
FBgn0032250,holn1,5,6,5,1,0,83.3
FBgn0040475,SH3PX1,5,6,5,1,0,83.3
FBgn0031613,HP6,5,6,5,1,0,83.3
FBgn0027587,CG7028,16,19,16,3,0,84.2
FBgn0039904,Hcf,16,19,16,3,0,84.2
FBgn0265297,pAbp,11,13,11,2,0,84.6
FBgn0086356,tum,11,13,11,2,0,84.6
FBgn0001624,dlg1,22,26,22,4,0,84.6
FBgn0026598,Apc2,11,13,11,2,0,84.6
FBgn0002525,Lam,17,20,17,3,0,85.0
FBgn0262114,RanBPM,12,14,12,2,0,85.7
FBgn0027499,wde,7,7,6,1,0,85.7
FBgn0041188,Atx2,12,14,12,2,0,85.7
FBgn0033845,mars,6,7,6,1,0,85.7
FBgn0030163,CG1791,6,7,6,1,1,85.7
FBgn0038964,Nop56,6,7,6,1,0,85.7
FBgn0000352,cos,6,7,6,1,0,85.7
FBgn0263855,BubR1,6,7,6,1,0,85.7
FBgn0004430,LysS,6,7,6,1,1,85.7
FBgn0031452,Cwc25,6,7,6,1,0,85.7
FBgn0026313,X11L,6,7,6,1,0,85.7
FBgn0031872,ihog,6,7,6,1,1,85.7
FBgn0030500,Ndc80,12,14,12,2,0,85.7
FBgn0002069,AspRS,6,7,6,1,0,85.7
FBgn0263231,bel,6,7,6,1,0,85.7
FBgn0011737,Wee1,6,7,6,1,0,85.7
FBgn0035452,CG10359,6,7,6,1,1,85.7
FBgn0052016,4E-T,13,15,13,2,0,86.7
FBgn0026379,Pten,13,15,13,2,0,86.7
FBgn0004198,ct,13,15,13,2,1,86.7
FBgn0263121,Prosalpha1,13,15,13,2,0,86.7
FBgn0031037,CG14207,7,8,7,1,0,87.5
FBgn0046704,Liprin-alpha,7,8,7,1,0,87.5
FBgn0022986,qkr58E-1,7,8,7,1,0,87.5
FBgn0032005,Snx6,7,8,7,1,0,87.5
FBgn0031114,cactin,7,8,7,1,0,87.5
FBgn0014870,Psi,7,8,7,1,0,87.5
FBgn0015270,Orc2,7,8,7,1,0,87.5
FBgn0010621,CCT5,7,8,7,1,0,87.5
FBgn0041111,lilli,14,16,14,2,0,87.5
FBgn0035947,Srp68,7,8,7,1,0,87.5
FBgn0050349,CG30349,7,8,7,1,0,87.5
FBgn0037249,eIF3a,7,8,7,1,0,87.5
FBgn0260749,Utx,7,8,7,1,1,87.5
FBgn0001108,DCTN1-p150,7,8,7,1,0,87.5
FBgn0038251,Hexim,7,8,7,1,0,87.5
FBgn0028686,Rpt3,7,8,7,1,0,87.5
FBgn0004644,hh,7,8,7,1,1,87.5
FBgn0028582,lqf,7,8,7,1,0,87.5
FBgn0029765,CG16756,7,8,7,1,1,87.5
FBgn0263598,Vha68-2,7,8,7,1,0,87.5
FBgn0260399,gwl,7,8,7,1,0,87.5
FBgn0026326,Mad1,7,8,7,1,0,87.5
FBgn0034345,CG5174,22,25,22,3,0,88.0
FBgn0033081,geminin,15,17,15,2,0,88.2
FBgn0003721,Tm1,15,17,15,2,0,88.2
FBgn0003321,sbr,8,9,8,1,0,88.9
FBgn0033160,Dhx15,8,9,8,1,0,88.9
FBgn0067864,Patj,8,9,8,1,0,88.9
FBgn0283712,LIMK1,17,18,16,2,0,88.9
FBgn0024285,Srp54,10,9,8,1,0,88.9
FBgn0035423,eIF1,8,9,8,1,0,88.9
FBgn0038126,CG8483,8,9,8,1,1,88.9
FBgn0004856,Bx42,8,9,8,1,0,88.9
FBgn0040477,cid,8,9,8,1,0,88.9
FBgn0285954,caz,8,9,8,1,0,88.9
FBgn0020278,loco,8,9,8,1,0,88.9
FBgn0038853,RhoGAP93B,8,9,8,1,0,88.9
FBgn0030734,CG9911,9,9,8,1,0,88.9
FBgn0027598,cindr,40,45,40,5,0,88.9
FBgn0262103,Sik3,16,18,16,2,0,88.9
FBgn0020653,Trxr-1,8,9,8,1,0,88.9
FBgn0010408,RpS9,8,9,8,1,0,88.9
FBgn0243516,Vrp1,8,9,8,1,0,88.9
FBgn0004875,enc,8,9,8,1,0,88.9
FBgn0013726,pnut,16,18,16,2,0,88.9
FBgn0027866,CG9776,8,9,8,1,0,88.9
FBgn0010909,msn,49,55,49,6,0,89.1
FBgn0034518,CG13430,17,19,17,2,2,89.5
FBgn0033021,CG10417,26,29,26,3,0,89.7
FBgn0261602,RpL8,9,10,9,1,0,90.0
FBgn0026430,Grip84,9,10,9,1,0,90.0
FBgn0037109,MED1,9,10,9,1,0,90.0
FBgn0001202,hook,10,10,9,1,0,90.0
FBgn0285949,RpL31,9,10,9,1,0,90.0
FBgn0283521,lola,9,10,9,1,0,90.0
FBgn0266053,Patr-1,9,10,9,1,0,90.0
FBgn0042693,wrd,9,10,9,1,0,90.0
FBgn0030086,CCT2,9,10,9,1,0,90.0
FBgn0015296,Shc,9,10,9,1,0,90.0
FBgn0263395,hppy,9,10,9,1,0,90.0
FBgn0023509,mip130,9,10,9,1,0,90.0
FBgn0263603,Zn72D,9,10,9,1,0,90.0
FBgn0037379,CG10979,9,10,9,1,0,90.0
FBgn0000625,eyg,10,11,10,1,1,90.9
FBgn0013684,ND5,10,11,10,1,1,90.9
FBgn0004956,upd1,10,11,10,1,1,90.9
FBgn0003444,smo,10,11,10,1,1,90.9
FBgn0033260,Cul4,11,11,10,1,0,90.9
FBgn0051211,CG31211,10,11,10,1,0,90.9
FBgn0015282,Rpt2,10,11,10,1,0,90.9
FBgn0002783,mor,21,23,21,2,0,91.3
FBgn0260934,par-1,54,59,54,5,0,91.5
FBgn0261385,scra,22,24,22,2,0,91.7
FBgn0020621,Pkn,33,36,33,3,0,91.7
FBgn0026317,Tsc1,22,24,22,2,0,91.7
FBgn0024183,vig,22,24,22,2,0,91.7
FBgn0032388,CG6686,11,12,11,1,0,91.7
FBgn0032321,YL-1,11,12,11,1,1,91.7
FBgn0034507,CG11192,11,12,11,1,1,91.7
FBgn0036919,Grasp65,11,12,11,1,0,91.7
FBgn0028744,CG5033,11,12,11,1,0,91.7
FBgn0022764,Sin3A,11,12,11,1,0,91.7
FBgn0286070,cnk,11,12,11,1,0,91.7
FBgn0001233,Hsp83,22,24,22,2,0,91.7
FBgn0261592,RpS6,23,25,23,2,0,92.0
FBgn0051363,Jupiter,23,25,23,2,0,92.0
FBgn0035060,Eps-15,23,25,23,2,0,92.0
FBgn0267795,Frl,23,25,23,2,0,92.0
FBgn0046214,vig2,23,25,23,2,0,92.0
FBgn0015602,BEAF-32,12,13,12,1,0,92.3
FBgn0037728,p23,12,13,12,1,0,92.3
FBgn0033062,Ars2,12,13,12,1,0,92.3
FBgn0001965,Sos,12,13,12,1,0,92.3
FBgn0010269,Dsor1,25,27,25,2,0,92.6
FBgn0000629,E(z),13,14,13,1,0,92.9
FBgn0004926,eIF2beta,13,14,13,1,0,92.9
FBgn0000183,BicD,13,14,13,1,0,92.9
FBgn0005624,Psc,13,14,13,1,0,92.9
FBgn0028473,Non1,13,14,13,1,0,92.9
FBgn0040294,POSH,13,14,13,1,0,92.9
FBgn0010583,dock,13,14,13,1,0,92.9
FBgn0029174,Fkbp59,13,14,13,1,0,92.9
FBgn0035424,Larp4B,13,14,13,1,0,92.9
FBgn0003941,RpL40,14,15,14,1,0,93.3
FBgn0017550,Rga,14,15,14,1,0,93.3
FBgn0041171,ago,14,15,14,1,0,93.3
FBgn0029715,CG11444,14,15,14,1,0,93.3
FBgn0038197,foxo,57,61,57,4,0,93.4
FBgn0000499,dsh,29,31,29,2,0,93.5
FBgn0020386,Pdk1,29,31,29,2,0,93.5
FBgn0030789,Rrp45,15,16,15,1,0,93.8
FBgn0028734,Fmr1,15,16,15,1,0,93.8
FBgn0040505,Alk,15,16,15,1,1,93.8
FBgn0003575,su(sable),15,16,15,1,0,93.8
FBgn0011604,Iswi,15,16,15,1,0,93.8
FBgn0027889,ball,16,17,16,1,0,94.1
FBgn0063485,Lasp,16,17,16,1,0,94.1
FBgn0032198,eEF1delta,16,17,16,1,0,94.1
FBgn0026533,Dek,17,18,17,1,0,94.4
FBgn0038390,Rbf2,17,18,17,1,0,94.4
FBgn0027504,CG8878,17,18,17,1,0,94.4
FBgn0039406,RpL34a,17,18,17,1,0,94.4
FBgn0000382,csw,34,36,34,2,0,94.4
FBgn0263755,Su(var)3-9,18,19,18,1,1,94.7
FBgn0000617,Taf9,18,19,18,1,0,94.7
FBgn0045862,btz,18,19,18,1,0,94.7
FBgn0011739,wts,36,38,36,2,0,94.7
FBgn0010504,kermit,19,20,19,1,0,95.0
FBgn0014340,mof,19,20,19,1,0,95.0
FBgn0001085,fz,19,20,19,1,1,95.0
FBgn0023388,Dap160,20,20,19,1,0,95.0
FBgn0035872,Cpsf6,19,20,19,1,0,95.0
FBgn0005536,Mbs,38,40,38,2,0,95.0
FBgn0004403,RpS14a,19,20,19,1,0,95.0
FBgn0265623,Su(z)2,20,21,20,1,0,95.2
FBgn0010417,Taf6,20,21,20,1,0,95.2
FBgn0032006,Pvr,20,21,20,1,0,95.2
FBgn0086680,vvl,20,21,20,1,0,95.2
FBgn0004861,ph-p,20,21,20,1,0,95.2
FBgn0000212,brm,20,21,20,1,0,95.2
FBgn0000100,RpLP0,20,21,20,1,0,95.2
FBgn0036427,CG4613,20,21,20,1,1,95.2
FBgn0000017,Abl,40,42,40,2,0,95.2
FBgn0243512,puc,21,22,21,1,0,95.5
FBgn0001222,Hsf,42,44,42,2,0,95.5
FBgn0024273,WASp,23,24,23,1,0,95.8
FBgn0017581,Lk6,23,24,23,1,0,95.8
FBgn0039776,PH4alphaEFB,23,24,23,1,0,95.8
FBgn0011655,Med,23,24,23,1,0,95.8
FBgn0000591,E(spl)m8-HLH,23,24,23,1,1,95.8
FBgn0001291,Jra,47,49,47,2,0,95.9
FBgn0003041,pbl,24,25,24,1,0,96.0
FBgn0037727,Nepl12,24,25,24,1,1,96.0
FBgn0038279,Sdr,25,26,25,1,1,96.2
FBgn0015772,Nak,25,26,25,1,0,96.2
FBgn0013765,cnn,26,27,26,1,0,96.3
FBgn0263979,Caf1-55,26,27,26,1,0,96.3
FBgn0262081,Csk,82,85,82,3,0,96.5
FBgn0030720,CG8939,28,29,28,1,0,96.6
FBgn0035558,CG11357,28,29,28,1,1,96.6
FBgn0000405,CycB,29,30,29,1,0,96.7
FBgn0005585,Calr,29,30,29,1,1,96.7
FBgn0285950,RpL19,29,30,29,1,1,96.7
FBgn0022382,Pka-R2,30,31,30,1,0,96.8
FBgn0264959,Src42A,60,62,60,2,0,96.8
FBgn0010379,Akt1,124,128,124,4,0,96.9
FBgn0044826,Pak3,31,32,31,1,0,96.9
FBgn0264607,CaMKII,34,35,34,1,0,97.1
FBgn0015799,Rbf,36,37,36,1,0,97.3
FBgn0000147,aurA,72,74,72,2,0,97.3
FBgn0283472,S6k,40,41,40,1,0,97.6
FBgn0004863,C15,40,41,40,1,0,97.6
FBgn0086358,Tab2,41,42,41,1,0,97.6
FBgn0020496,CtBP,41,42,41,1,0,97.6
FBgn0086904,Nacalpha,42,43,42,1,0,97.7
FBgn0015402,ksr,44,45,44,1,0,97.8
FBgn0027338,Kap-alpha3,44,45,44,1,1,97.8
FBgn0004656,fs(1)h,89,91,89,2,0,97.8
FBgn0003371,sgg,138,140,137,3,0,97.9
FBgn0033438,Mmp2,46,47,46,1,1,97.9
FBgn0003607,Su(var)205,49,50,49,1,0,98.0
FBgn0010382,CycE,53,54,53,1,0,98.1
FBgn0015805,HDAC1,63,64,63,1,0,98.4
FBgn0011826,Pp2B-14D,64,65,64,1,0,98.5
FBgn0052703,Erk7,65,66,65,1,0,98.5
FBgn0023097,bon,68,69,68,1,0,98.6
FBgn0001139,gro,72,73,72,1,0,98.6
FBgn0003731,Egfr,85,86,85,1,1,98.8
FBgn0266599,Hsc70-4,252,253,252,1,1,99.6
FBgn0011802,Gem3,2,2,2,0,0,100.0
FBgn0263983,CG43732,3,3,3,0,0,100.0
FBgn0063495,GstE5,32,32,32,0,0,100.0
FBgn0032499,Uvrag,9,9,9,0,0,100.0
FBgn0261399,Pp1-Y1,38,38,38,0,0,100.0
FBgn0036448,mop,6,6,6,0,0,100.0
FBgn0025573,PpN58A,24,24,24,0,0,100.0
FBgn0266671,Sec6,6,6,6,0,0,100.0
FBgn0040102,lectin-24Db,2,2,2,0,0,100.0
FBgn0035691,CG7386,20,19,19,0,0,100.0
FBgn0031074,SkpE,12,12,12,0,0,100.0
FBgn0043791,phu,13,13,13,0,0,100.0
FBgn0033454,CG1671,2,2,2,0,0,100.0
FBgn0034660,Loxl2,4,4,4,0,0,100.0
FBgn0023516,Pex5,21,21,21,0,0,100.0
FBgn0053517,Dop2R,2,2,2,0,0,100.0
FBgn0010342,Map60,5,4,4,0,0,100.0
FBgn0034447,CG7744,3,3,3,0,0,100.0
FBgn0037881,GCC88,2,2,2,0,0,100.0
FBgn0262976,lawc,3,3,3,0,0,100.0
FBgn0024833,AP-1mu,4,4,4,0,0,100.0
FBgn0037360,CG2182,2,2,2,0,0,100.0
FBgn0036105,Blos4,8,8,8,0,0,100.0
FBgn0036612,CG4998,6,6,6,0,0,100.0
FBgn0022069,Nnp-1,7,7,7,0,0,100.0
FBgn0266282,jnj,4,4,4,0,0,100.0
FBgn0029503,CHORD,2,2,2,0,0,100.0
FBgn0011236,ken,2,2,2,0,0,100.0
FBgn0038774,CG5023,3,3,3,0,0,100.0
FBgn0004595,pros,3,3,3,0,0,100.0
FBgn0085436,Not1,6,6,6,0,0,100.0
FBgn0037660,beag,5,5,5,0,0,100.0
FBgn0033483,egr,19,19,19,0,0,100.0
FBgn0002715,mei-S332,5,5,5,0,0,100.0
FBgn0004170,sc,14,14,14,0,0,100.0
FBgn0016675,Lectin-galC1,2,2,2,0,0,100.0
FBgn0034391,CG15080,4,4,4,0,0,100.0
FBgn0025639,Hmt4-20,3,3,3,0,0,100.0
FBgn0033069,eIF3f2,2,2,2,0,0,100.0
FBgn0050005,GstT2,28,28,28,0,0,100.0
FBgn0265968,Tfb5,2,2,2,0,0,100.0
FBgn0031143,CG1532,4,4,4,0,0,100.0
FBgn0030328,Amun,2,2,2,0,0,100.0
FBgn0001990,wek,6,5,5,0,0,100.0
FBgn0032393,Nfs1,6,6,6,0,0,100.0
FBgn0010501,Dcp-1,4,4,4,0,0,100.0
FBgn0010113,hdc,2,2,2,0,0,100.0
FBgn0022985,qkr58E-2,6,6,6,0,0,100.0
FBgn0027570,Nep2,29,29,29,0,0,100.0
FBgn0031736,CG11030,2,2,2,0,0,100.0
FBgn0260484,HIP,5,5,5,0,0,100.0
FBgn0035470,Ccz1,3,2,2,0,0,100.0
FBgn0011674,insc,3,3,3,0,0,100.0
FBgn0020443,eRF3,7,7,7,0,0,100.0
FBgn0010470,Fkbp14,29,29,29,0,0,100.0
FBgn0034624,CG17974,7,7,7,0,0,100.0
FBgn0260767,CG42565,3,3,3,0,0,100.0
FBgn0004106,Cdk1,51,51,51,0,0,100.0
FBgn0036317,CG10948,2,2,2,0,0,100.0
FBgn0020257,Ppa,4,4,4,0,0,100.0
FBgn0283451,br,9,9,9,0,0,100.0
FBgn0027785,NP15.6,2,2,2,0,0,100.0
FBgn0034504,CG8929,3,3,3,0,0,100.0
FBgn0001253,ImpE1,2,2,2,0,0,100.0
FBgn0011244,Hsp60B,4,4,4,0,0,100.0
FBgn0039459,IntS12,2,2,2,0,0,100.0
FBgn0031086,fd19B,8,8,8,0,0,100.0
FBgn0086708,stv,15,15,15,0,0,100.0
FBgn0027053,CSN5,6,6,6,0,0,100.0
FBgn0038020,GstD9,29,29,29,0,0,100.0
FBgn0000542,ec,6,6,6,0,0,100.0
FBgn0011774,Irbp,37,37,37,0,0,100.0
FBgn0284243,betaTub56D,15,15,15,0,0,100.0
FBgn0039228,CG6980,4,4,4,0,0,100.0
FBgn0039226,Ude,3,3,3,0,0,100.0
FBgn0037875,ZnT86D,2,2,2,0,0,100.0
FBgn0002985,odd,2,2,2,0,0,100.0
FBgn0266347,nAChRalpha4,2,2,2,0,0,100.0
FBgn0031725,DIP-eta,6,6,6,0,0,100.0
FBgn0015031,cype,5,5,5,0,0,100.0
FBgn0031345,CG18132,2,2,2,0,0,100.0
FBgn0033890,Ctf4,3,3,3,0,0,100.0
FBgn0036305,CG10984,4,4,4,0,0,100.0
FBgn0031372,CG7295,5,5,5,0,0,100.0
FBgn0063494,GstE6,36,36,36,0,0,100.0
FBgn0015380,drl,2,2,2,0,0,100.0
FBgn0033212,LRR,2,2,2,0,0,100.0
FBgn0030802,DENR,3,3,3,0,0,100.0
FBgn0033571,Rpb5,3,3,3,0,0,100.0
FBgn0011660,Pms2,4,4,4,0,0,100.0
FBgn0030976,CG7378,3,3,3,0,0,100.0
FBgn0035873,CG13670,2,2,2,0,0,100.0
FBgn0032813,PCNA2,3,2,2,0,0,100.0
FBgn0004924,Top1,12,12,12,0,0,100.0
FBgn0026400,Noa36,4,3,3,0,0,100.0
FBgn0031094,CG9578,4,4,4,0,0,100.0
FBgn0266669,Sec3,7,7,7,0,0,100.0
FBgn0087002,apolpp,2,2,2,0,0,100.0
FBgn0039015,Takl2,13,13,13,0,0,100.0
FBgn0050403,CG30403,2,2,2,0,0,100.0
FBgn0030292,CG11752,2,2,2,0,0,100.0
FBgn0010333,Rac1,43,43,43,0,0,100.0
FBgn0261930,vnd,11,11,11,0,0,100.0
FBgn0037773,CG5359,3,3,3,0,0,100.0
FBgn0003062,Fib,5,5,5,0,0,100.0
FBgn0054002,CG34002,6,6,6,0,0,100.0
FBgn0033317,CG8635,6,6,6,0,0,100.0
FBgn0010300,brat,8,8,8,0,0,100.0
FBgn0024227,aurB,49,49,49,0,0,100.0
FBgn0002673,twe,10,10,10,0,0,100.0
FBgn0086690,Plp,7,7,7,0,0,100.0
FBgn0039233,CG7006,6,6,6,0,0,100.0
FBgn0015239,Hr78,40,40,40,0,0,100.0
FBgn0036766,CG5506,2,2,2,0,0,100.0
FBgn0003411,sisA,2,2,2,0,0,100.0
FBgn0037719,bocks,5,5,5,0,0,100.0
FBgn0020255,Ran,3,3,3,0,0,100.0
FBgn0037454,,2,0,0,0,0,
FBgn0015360,oxt,11,11,11,0,0,100.0
FBgn0032260,CG13144,2,2,2,0,0,100.0
FBgn0004583,ex,15,15,15,0,0,100.0
FBgn0263993,CG43736,18,18,18,0,0,100.0
FBgn0030314,CG11696,4,3,3,0,0,100.0
FBgn0036134,FoxK,28,28,28,0,0,100.0
FBgn0030584,CG14407,4,4,4,0,0,100.0
FBgn0026620,tacc,7,7,7,0,0,100.0
FBgn0020633,Mcm7,5,5,5,0,0,100.0
FBgn0031314,IntS14,2,2,2,0,0,100.0
FBgn0034230,CG4853,5,5,5,0,0,100.0
FBgn0032800,CG10137,2,2,2,0,0,100.0
FBgn0040056,CG17698,8,8,8,0,0,100.0
FBgn0036496,cocoon,3,3,3,0,0,100.0
FBgn0026417,Hus1-like,2,2,2,0,0,100.0
FBgn0047135,CG32276,3,3,3,0,0,100.0
FBgn0266411,sima,29,29,29,0,0,100.0
FBgn0020660,eIF4B,4,4,4,0,0,100.0
FBgn0031683,CG4230,2,2,2,0,0,100.0
FBgn0038168,omd,7,7,7,0,0,100.0
FBgn0010551,Phb2,4,4,4,0,0,100.0
FBgn0037001,ND-39,9,9,9,0,0,100.0
FBgn0043457,,2,0,0,0,0,
FBgn0027364,Six4,18,18,18,0,0,100.0
FBgn0030723,dpr18,2,2,2,0,0,100.0
FBgn0022355,Tsf1,5,5,5,0,0,100.0
FBgn0034425,CG11906,4,4,4,0,0,100.0
FBgn0005695,gcl,6,6,6,0,0,100.0
FBgn0037085,Neu2,3,3,3,0,0,100.0
FBgn0261791,SNRPG,19,19,19,0,0,100.0
FBgn0010280,Taf4,14,14,14,0,0,100.0
FBgn0033235,CG8728,4,4,4,0,0,100.0
FBgn0029711,Usf,2,2,2,0,0,100.0
FBgn0001186,Hex-A,14,14,14,0,0,100.0
FBgn0034377,CG15071,6,5,5,0,0,100.0
FBgn0004177,mts,74,74,74,0,0,100.0
FBgn0031771,ND-51,3,3,3,0,0,100.0
FBgn0264712,CG1172,6,6,6,0,0,100.0
FBgn0086898,dgo,2,2,2,0,0,100.0
FBgn0032900,CG14401,3,3,3,0,0,100.0
FBgn0086371,poly,3,3,3,0,0,100.0
FBgn0036291,CG10681,6,6,6,0,0,100.0
FBgn0035482,CG14985,2,2,2,0,0,100.0
FBgn0050296,RIC-3,9,9,9,0,0,100.0
FBgn0266666,Sem1,2,2,2,0,0,100.0
FBgn0264075,tgo,8,8,8,0,0,100.0
FBgn0261244,inaE,2,2,2,0,0,100.0
FBgn0033539,Git,14,13,13,0,0,100.0
FBgn0024244,drm,8,8,8,0,0,100.0
FBgn0259824,Hip14,4,4,4,0,0,100.0
FBgn0029752,TrxT,3,3,3,0,0,100.0
FBgn0034442,CG11257,2,2,2,0,0,100.0
FBgn0028902,Tektin-A,2,1,1,0,0,100.0
FBgn0010926,l(3)07882,5,5,5,0,0,100.0
FBgn0052679,CG32679,5,5,5,0,0,100.0
FBgn0259714,DIP-epsilon,9,9,9,0,0,100.0
FBgn0011584,Trp1,2,2,2,0,0,100.0
FBgn0029134,Prosbeta5,7,7,7,0,0,100.0
FBgn0015737,Hmu,2,2,2,0,0,100.0
FBgn0034430,mip40,7,7,7,0,0,100.0
FBgn0034371,Ntan1,4,4,4,0,0,100.0
FBgn0032791,CG18094,2,2,2,0,0,100.0
FBgn0033339,Sec31,6,6,6,0,0,100.0
FBgn0031946,CG7164,3,3,3,0,0,100.0
FBgn0039274,CG11920,5,5,5,0,0,100.0
FBgn0038056,CG5961,2,2,2,0,0,100.0
FBgn0263930,dally,7,7,7,0,0,100.0
FBgn0010415,Sdc,36,36,36,0,0,100.0
FBgn0026380,Prosbeta3,19,18,18,0,0,100.0
FBgn0039343,CG5111,36,36,36,0,0,100.0
FBgn0033050,Pngl,3,3,3,0,0,100.0
FBgn0036505,CG7945,11,11,11,0,0,100.0
FBgn0024191,sip1,18,18,18,0,0,100.0
FBgn0039928,Cals,5,5,5,0,0,100.0
FBgn0037675,HP1e,26,26,26,0,0,100.0
FBgn0037433,CG17919,5,5,5,0,0,100.0
FBgn0036057,Hez,2,2,2,0,0,100.0
FBgn0030880,CG6788,2,2,2,0,0,100.0
FBgn0033836,CG18278,6,6,6,0,0,100.0
FBgn0067903,IM18,3,3,3,0,0,100.0
FBgn0263864,Dark,2,2,2,0,0,100.0
FBgn0035918,Cdc6,4,4,4,0,0,100.0
FBgn0034503,MED8,18,18,18,0,0,100.0
FBgn0025355,SuUR,3,3,3,0,0,100.0
FBgn0052100,CG32100,2,2,2,0,0,100.0
FBgn0003360,sesB,5,5,5,0,0,100.0
FBgn0000055,Adh,2,2,2,0,0,100.0
FBgn0035097,,5,0,0,0,0,
FBgn0250814,UQCR-C2,12,12,12,0,0,100.0
FBgn0262473,Tl,4,4,4,0,0,100.0
FBgn0004897,fd96Ca,6,6,6,0,0,100.0
FBgn0032788,CG13084,2,2,2,0,0,100.0
FBgn0285948,RpL27A,11,11,11,0,0,100.0
FBgn0010316,dap,21,21,21,0,0,100.0
FBgn0013674,COX1,6,6,6,0,0,100.0
FBgn0033378,tsu,4,4,4,0,0,100.0
FBgn0036624,RAF2,5,5,5,0,0,100.0
FBgn0036844,Mkp3,5,5,5,0,0,100.0
FBgn0014931,CG2678,2,2,2,0,0,100.0
FBgn0037255,Fip1,2,1,1,0,0,100.0
FBgn0036557,mRpS31,13,13,13,0,0,100.0
FBgn0034878,pita,4,4,4,0,0,100.0
FBgn0259149,CG42264,3,3,3,0,0,100.0
FBgn0032587,CG5953,2,2,2,0,0,100.0
FBgn0003984,vn,13,13,13,0,0,100.0
FBgn0004643,Zw10,4,4,4,0,0,100.0
FBgn0038852,HHEX,5,5,5,0,0,100.0
FBgn0052183,Ccn,2,2,2,0,0,100.0
FBgn0004108,Nrt,3,3,3,0,0,100.0
FBgn0003317,sax,37,37,37,0,0,100.0
FBgn0000039,nAChRalpha2,5,5,5,0,0,100.0
FBgn0003267,ro,4,4,4,0,0,100.0
FBgn0035802,Pura,2,2,2,0,0,100.0
FBgn0034529,FAM21,2,2,2,0,0,100.0
FBgn0053558,mim,2,2,2,0,0,100.0
FBgn0003462,Sod1,5,5,5,0,0,100.0
FBgn0051244,CG31244,6,6,6,0,0,100.0
FBgn0032849,mRpS18B,6,6,6,0,0,100.0
FBgn0025702,Srpk79D,34,34,34,0,0,100.0
FBgn0031626,,17,0,0,0,0,
FBgn0025336,CG4882,7,7,7,0,0,100.0
FBgn0033816,CG4679,4,4,4,0,0,100.0
FBgn0003996,w,3,3,3,0,0,100.0
FBgn0086365,Orct2,2,2,2,0,0,100.0
FBgn0040348,CG3703,4,4,4,0,0,100.0
FBgn0035102,CG7049,7,7,7,0,0,100.0
FBgn0266195,Tgs1,3,3,3,0,0,100.0
FBgn0014189,Hel25E,6,6,6,0,0,100.0
FBgn0035103,Vdup1,6,6,6,0,0,100.0
FBgn0000370,crc,9,8,8,0,0,100.0
FBgn0051184,LSm3,9,9,9,0,0,100.0
FBgn0031697,CG14024,20,20,20,0,0,100.0
FBgn0052601,betaNACtes3,7,7,7,0,0,100.0
FBgn0010747,Srp54k,2,2,2,0,0,100.0
FBgn0021825,DCTN2-p50,5,5,5,0,0,100.0
FBgn0025186,ari-2,3,3,3,0,0,100.0
FBgn0024364,CG11417,7,7,7,0,0,100.0
FBgn0000028,acj6,4,4,4,0,0,100.0
FBgn0002645,Map205,17,17,17,0,0,100.0
FBgn0031197,CG17601,2,2,2,0,0,100.0
FBgn0030891,Ada3,11,11,11,0,0,100.0
FBgn0000117,arm,48,48,48,0,0,100.0
FBgn0036020,CG8336,4,4,4,0,0,100.0
FBgn0004510,Ets97D,8,8,8,0,0,100.0
FBgn0010741,Pfdn2,11,11,11,0,0,100.0
FBgn0287454,Pa1,5,5,5,0,0,100.0
FBgn0033581,CG12391,4,4,4,0,0,100.0
FBgn0036314,Sf3a2,4,4,4,0,0,100.0
FBgn0035111,Dis3l2,8,8,8,0,0,100.0
FBgn0034354,GstE11,28,28,28,0,0,100.0
FBgn0015919,caup,4,4,4,0,0,100.0
FBgn0015818,Spx,4,4,4,0,0,100.0
FBgn0003863,alphaTry,4,3,3,0,0,100.0
FBgn0034195,Spn53F,8,8,8,0,0,100.0
FBgn0038183,CG9286,2,2,2,0,0,100.0
FBgn0250732,gfzf,38,38,38,0,0,100.0
FBgn0028695,Rpn1,6,6,6,0,0,100.0
FBgn0033907,mRpS16,5,5,5,0,0,100.0
FBgn0037025,Spc105R,2,2,2,0,0,100.0
FBgn0033473,CG12128,5,5,5,0,0,100.0
FBgn0025743,mbt,73,73,73,0,0,100.0
FBgn0003867,tsl,4,4,4,0,0,100.0
FBgn0031763,CG13996,2,2,2,0,0,100.0
FBgn0031808,Nepl5,19,19,19,0,0,100.0
FBgn0085382,CG34353,4,4,4,0,0,100.0
FBgn0037301,Mms19,2,2,2,0,0,100.0
FBgn0028683,spt4,2,2,2,0,0,100.0
FBgn0039617,DIP-gamma,6,6,6,0,0,100.0
FBgn0000448,Hr3,16,16,16,0,0,100.0
FBgn0052751,CG32751,2,2,2,0,0,100.0
FBgn0030667,CG15599,3,3,3,0,0,100.0
FBgn0000808,gd,2,2,2,0,0,100.0
FBgn0042102,CG18745,6,6,6,0,0,100.0
FBgn0034005,ItgaPS4,14,14,14,0,0,100.0
FBgn0010389,htl,52,52,52,0,0,100.0
FBgn0033096,Zip42C.1,2,2,2,0,0,100.0
FBgn0032191,Snx17,2,2,2,0,0,100.0
FBgn0267978,ap,19,19,19,0,0,100.0
FBgn0260859,Bet3,8,8,8,0,0,100.0
FBgn0262732,mbf1,3,3,3,0,0,100.0
FBgn0015240,Hr96,9,9,9,0,0,100.0
FBgn0033183,CG1620,11,11,11,0,0,100.0
FBgn0032588,CG5968,3,3,3,0,0,100.0
FBgn0039056,CenB1A,2,2,2,0,0,100.0
FBgn0002521,pho,6,6,6,0,0,100.0
FBgn0043900,pygo,7,7,7,0,0,100.0
FBgn0025111,Ant2,2,2,2,0,0,100.0
FBgn0034900,CG12491,4,4,4,0,0,100.0
FBgn0035209,msd1,3,3,3,0,0,100.0
FBgn0040466,Dlip2,2,2,2,0,0,100.0
FBgn0044812,TotC,2,2,2,0,0,100.0
FBgn0031730,CG7236,5,5,5,0,0,100.0
FBgn0035422,RpL28,11,11,11,0,0,100.0
FBgn0004867,RpS2,22,22,22,0,0,100.0
FBgn0030034,CG10555,5,5,5,0,0,100.0
FBgn0004169,up,6,6,6,0,0,100.0
FBgn0026238,gus,8,8,8,0,0,100.0
FBgn0037901,Exd2,2,2,2,0,0,100.0
FBgn0262100,CG42853,3,3,3,0,0,100.0
FBgn0038476,kuk,6,6,6,0,0,100.0
FBgn0261674,CG42709,3,3,3,0,0,100.0
FBgn0034243,Ns2,9,9,9,0,0,100.0
FBgn0286786,hoip,3,3,3,0,0,100.0
FBgn0035909,ergic53,4,4,4,0,0,100.0
FBgn0035917,Zasp66,17,15,15,0,0,100.0
FBgn0023531,CG32809,5,5,5,0,0,100.0
FBgn0037207,Mes2,6,6,6,0,0,100.0
FBgn0039232,sosie,2,2,2,0,0,100.0
FBgn0035753,RpL18,24,24,24,0,0,100.0
FBgn0000047,Act88F,8,8,8,0,0,100.0
FBgn0050355,CG30355,4,4,4,0,0,100.0
FBgn0030668,CG8128,3,3,3,0,0,100.0
FBgn0010660,Nup214,8,8,8,0,0,100.0
FBgn0029947,CG1999,3,3,3,0,0,100.0
FBgn0283471,wupA,18,18,18,0,0,100.0
FBgn0017579,RpL14,15,15,15,0,0,100.0
FBgn0010313,corto,7,7,7,0,0,100.0
FBgn0039714,Zip99C,2,2,2,0,0,100.0
FBgn0028690,Rpn5,9,9,9,0,0,100.0
FBgn0052206,CG32206,2,2,2,0,0,100.0
FBgn0000579,Eno,4,4,4,0,0,100.0
FBgn0037848,Tsp86D,2,2,2,0,0,100.0
FBgn0037563,,2,0,0,0,0,
FBgn0015773,NetA,4,4,4,0,0,100.0
FBgn0037750,Whamy,3,3,3,0,0,100.0
FBgn0030251,CG2145,8,8,8,0,0,100.0
FBgn0002022,Catsup,4,4,4,0,0,100.0
FBgn0030583,,2,0,0,0,0,
FBgn0051613,His3:CG31613,30,30,30,0,0,100.0
FBgn0014366,noi,8,8,8,0,0,100.0
FBgn0267428,DIP-lambda,3,3,3,0,0,100.0
FBgn0032848,nesd,2,2,2,0,0,100.0
FBgn0045980,niki,7,7,7,0,0,100.0
FBgn0031716,CG14015,4,4,4,0,0,100.0
FBgn0004401,Pep,3,3,3,0,0,100.0
FBgn0037781,Fancl,3,3,3,0,0,100.0
FBgn0010412,RpS19a,19,19,19,0,0,100.0
FBgn0051776,CG31776,2,2,2,0,0,100.0
FBgn0011273,Acam,11,11,11,0,0,100.0
FBgn0036302,sowah,3,3,3,0,0,100.0
FBgn0260440,spdo,4,4,4,0,0,100.0
FBgn0036374,Spt20,2,2,2,0,0,100.0
FBgn0003978,vls,3,3,3,0,0,100.0
FBgn0030566,betaNACtes4,4,4,4,0,0,100.0
FBgn0001258,Ldh,4,4,4,0,0,100.0
FBgn0263112,Mitf,21,21,21,0,0,100.0
FBgn0052006,CG32006,5,5,5,0,0,100.0
FBgn0250816,AGO3,3,3,3,0,0,100.0
FBgn0010407,Ror,21,21,21,0,0,100.0
FBgn0003279,RpL4,20,20,20,0,0,100.0
FBgn0021795,Tapdelta,12,12,12,0,0,100.0
FBgn0030706,Lrp4,3,3,3,0,0,100.0
FBgn0014022,Rlb1,4,4,4,0,0,100.0
FBgn0026597,Axn,11,11,11,0,0,100.0
FBgn0002774,mle,5,5,5,0,0,100.0
FBgn0034271,Vps50,2,2,2,0,0,100.0
FBgn0086683,Spf45,4,4,4,0,0,100.0
FBgn0052528,parvin,4,4,4,0,0,100.0
FBgn0262169,magu,7,7,7,0,0,100.0
FBgn0263236,SP1029,11,11,11,0,0,100.0
FBgn0016059,Sema1b,7,7,7,0,0,100.0
FBgn0038549,,3,0,0,0,0,
FBgn0087021,Spc25,8,8,8,0,0,100.0
FBgn0036678,,2,0,0,0,0,
FBgn0266064,,3,0,0,0,0,
FBgn0086361,alph,14,14,14,0,0,100.0
FBgn0031530,Pgant2,3,3,3,0,0,100.0
FBgn0038156,side-IV,2,2,2,0,0,100.0
FBgn0051909,CG31909,2,2,2,0,0,100.0
FBgn0259876,Cap-G,2,2,2,0,0,100.0
FBgn0028569,robl37BC,3,3,3,0,0,100.0
FBgn0004882,orb,6,6,6,0,0,100.0
FBgn0032516,Ing5,5,5,5,0,0,100.0
FBgn0261549,rdgA,2,2,2,0,0,100.0
FBgn0034722,Rtf1,9,9,9,0,0,100.0
FBgn0001227,Hsp67Ba,4,4,4,0,0,100.0
FBgn0037671,ATP6AP2,26,26,26,0,0,100.0
FBgn0029996,UbcE2H,3,2,2,0,0,100.0
FBgn0036977,CG5665,2,2,2,0,0,100.0
FBgn0033688,Prp8,9,9,9,0,0,100.0
FBgn0263997,CG43740,2,2,2,0,0,100.0
FBgn0004066,Prosalpha4,8,8,8,0,0,100.0
FBgn0031811,CG13982,3,3,3,0,0,100.0
FBgn0029755,Sas10,2,2,2,0,0,100.0
FBgn0037824,CG14684,3,3,3,0,0,100.0
FBgn0039831,CG12054,9,9,9,0,0,100.0
FBgn0033029,Not3,11,11,11,0,0,100.0
FBgn0003134,Pp1alpha-96A,61,60,60,0,0,100.0
FBgn0039972,Marf1,2,2,2,0,0,100.0
FBgn0030306,Spase25,3,3,3,0,0,100.0
FBgn0052590,CG32590,2,2,2,0,0,100.0
FBgn0035715,Ist1,8,7,7,0,0,100.0
FBgn0261705,CG42741,2,2,2,0,0,100.0
FBgn0015793,Rab19,4,4,4,0,0,100.0
FBgn0001942,eIF4A,4,4,4,0,0,100.0
FBgn0034423,tbrd-2,2,2,2,0,0,100.0
FBgn0052598,betaNACtes6,20,20,20,0,0,100.0
FBgn0004432,Cyp1,26,26,26,0,0,100.0
FBgn0266186,Vamp7,21,21,21,0,0,100.0
FBgn0000158,bam,5,5,5,0,0,100.0
FBgn0022724,Taf8,4,4,4,0,0,100.0
FBgn0038746,Surf6,14,14,14,0,0,100.0
FBgn0260243,E(var)3-9,4,4,4,0,0,100.0
FBgn0022800,Cad96Ca,3,3,3,0,0,100.0
FBgn0026015,Top3beta,5,5,5,0,0,100.0
FBgn0028407,Drep3,4,3,3,0,0,100.0
FBgn0039280,Mocs2B,9,9,9,0,0,100.0
FBgn0031719,CG18269,3,3,3,0,0,100.0
FBgn0260932,cuff,2,2,2,0,0,100.0
FBgn0039537,CG5590,2,2,2,0,0,100.0
FBgn0028897,CG4935,4,4,4,0,0,100.0
FBgn0051646,DIP-theta,11,11,11,0,0,100.0
FBgn0036890,CG9368,2,2,2,0,0,100.0
FBgn0039748,CG15529,11,11,11,0,0,100.0
FBgn0039474,CG6283,2,2,2,0,0,100.0
FBgn0029895,CG14441,2,2,2,0,0,100.0
FBgn0033247,Nup44A,6,6,6,0,0,100.0
FBgn0002791,mr,7,7,7,0,0,100.0
FBgn0262739,AGO1,7,7,7,0,0,100.0
FBgn0000119,arr,4,4,4,0,0,100.0
FBgn0036571,Strump,3,3,3,0,0,100.0
FBgn0085199,CG34170,3,3,3,0,0,100.0
FBgn0037374,jagn,2,2,2,0,0,100.0
FBgn0016697,Prosalpha5,12,12,12,0,0,100.0
FBgn0035148,CG3402,4,4,4,0,0,100.0
FBgn0030501,BthD,3,3,3,0,0,100.0
FBgn0020513,Paics,3,3,3,0,0,100.0
FBgn0033179,p47,3,3,3,0,0,100.0
FBgn0285896,btl,69,69,69,0,0,100.0
FBgn0013348,TpnC41C,6,6,6,0,0,100.0
FBgn0038385,Fbxl7,7,7,7,0,0,100.0
FBgn0262009,CG42827,2,2,2,0,0,100.0
FBgn0265605,Ric,3,3,3,0,0,100.0
FBgn0037566,mRpL1,11,11,11,0,0,100.0
FBgn0010622,DCTN3-p24,2,2,2,0,0,100.0
FBgn0033932,Dh44-R1,4,4,4,0,0,100.0
FBgn0261403,sxc,4,4,4,0,0,100.0
FBgn0010247,Parp,2,2,2,0,0,100.0
FBgn0028837,CSN6,5,5,5,0,0,100.0
FBgn0021767,org-1,7,7,7,0,0,100.0
FBgn0038916,dnd,2,2,2,0,0,100.0
FBgn0051354,Hsp70Bbb,20,20,20,0,0,100.0
FBgn0052831,CG33695,4,4,4,0,0,100.0
FBgn0035929,,2,0,0,0,0,
FBgn0035622,TM9SF3,3,3,3,0,0,100.0
FBgn0031070,CG12702,3,3,3,0,0,100.0
FBgn0033229,CG12822,3,3,3,0,0,100.0
FBgn0030055,Rubicon,3,3,3,0,0,100.0
FBgn0038465,Irc,2,2,2,0,0,100.0
FBgn0029891,Pink1,2,2,2,0,0,100.0
FBgn0035850,Atg18a,13,13,13,0,0,100.0
FBgn0259785,pzg,7,7,7,0,0,100.0
FBgn0261986,RASSF8,22,22,22,0,0,100.0
FBgn0038546,CG7379,8,8,8,0,0,100.0
FBgn0037345,Rev7,46,46,46,0,0,100.0
FBgn0035879,GAPcenA,2,2,2,0,0,100.0
FBgn0020248,stet,2,2,2,0,0,100.0
FBgn0030744,CG9992,2,2,2,0,0,100.0
FBgn0040775,CG12158,5,5,5,0,0,100.0
FBgn0266000,CG44774,3,3,3,0,0,100.0
FBgn0036641,Smn,31,31,31,0,0,100.0
FBgn0014010,Rab5,45,44,44,0,0,100.0
FBgn0038029,GstD11,32,32,32,0,0,100.0
FBgn0031495,GABPI,4,4,4,0,0,100.0
FBgn0051038,CG31038,6,6,6,0,0,100.0
FBgn0015904,ara,6,6,6,0,0,100.0
FBgn0263346,smash,10,10,10,0,0,100.0
FBgn0040793,CG7630,4,4,4,0,0,100.0
FBgn0039946,ATbp,2,2,2,0,0,100.0
FBgn0039219,CG13630,2,2,2,0,0,100.0
FBgn0052029,Cpr66D,4,4,4,0,0,100.0
FBgn0004638,drk,25,24,24,0,0,100.0
FBgn0017567,ND-23,10,10,10,0,0,100.0
FBgn0004054,zen2,10,10,10,0,0,100.0
FBgn0051787,CG31787,9,9,9,0,0,100.0
FBgn0261787,brun,3,3,3,0,0,100.0
FBgn0035957,CG5144,2,2,2,0,0,100.0
FBgn0001970,Pgant35A,5,5,5,0,0,100.0
FBgn0029152,Mkrn1,2,2,2,0,0,100.0
FBgn0001169,H,20,20,20,0,0,100.0
FBgn0036214,CG7264,6,6,6,0,0,100.0
FBgn0036714,CG7692,2,2,2,0,0,100.0
FBgn0020305,dbe,9,9,9,0,0,100.0
FBgn0028979,tio,4,4,4,0,0,100.0
FBgn0035993,Nf-YA,11,11,11,0,0,100.0
FBgn0035238,CG12104,6,6,6,0,0,100.0
FBgn0034975,enok,3,3,3,0,0,100.0
FBgn0003900,twi,8,8,8,0,0,100.0
FBgn0259682,Jabba,6,6,6,0,0,100.0
FBgn0002413,dco,49,49,49,0,0,100.0
FBgn0015279,Pi3K92E,12,12,12,0,0,100.0
FBgn0033748,vis,10,10,10,0,0,100.0
FBgn0029861,CG3815,9,9,9,0,0,100.0
FBgn0051611,His4:CG31611,16,16,16,0,0,100.0
FBgn0041604,dlp,13,13,13,0,0,100.0
FBgn0283442,vas,3,3,3,0,0,100.0
FBgn0003480,spn-B,5,5,5,0,0,100.0
FBgn0032780,CG13085,4,4,4,0,0,100.0
FBgn0039612,Nepl19,3,3,3,0,0,100.0
FBgn0037899,RpL24-like,11,11,11,0,0,100.0
FBgn0025742,mtm,3,3,3,0,0,100.0
FBgn0034033,CG8204,4,4,4,0,0,100.0
FBgn0037944,CG6923,2,2,2,0,0,100.0
FBgn0267824,PRAS40,2,2,2,0,0,100.0
FBgn0263608,l(3)72Dr,2,2,2,0,0,100.0
FBgn0037022,CG11396,2,2,2,0,0,100.0
FBgn0045759,bin,12,12,12,0,0,100.0
FBgn0033351,AIMP1,15,15,15,0,0,100.0
FBgn0032924,Nbr,3,3,3,0,0,100.0
FBgn0027578,Nepl21,13,13,13,0,0,100.0
FBgn0037906,PGRP-LB,2,2,2,0,0,100.0
FBgn0035371,AhcyL1,5,5,5,0,0,100.0
FBgn0032171,CG5846,3,3,3,0,0,100.0
FBgn0032248,Bug22,11,11,11,0,0,100.0
FBgn0260398,Pbp49,3,3,3,0,0,100.0
FBgn0031857,LUBEL,4,4,4,0,0,100.0
FBgn0031430,CG3528,2,2,2,0,0,100.0
FBgn0086384,Mer,25,25,25,0,0,100.0
FBgn0036731,CG6333,2,2,2,0,0,100.0
FBgn0008636,hbn,7,7,7,0,0,100.0
FBgn0003656,sws,2,2,2,0,0,100.0
FBgn0011829,Ret,23,23,23,0,0,100.0
FBgn0021995,Rs1,9,9,9,0,0,100.0
FBgn0030277,CG1394,2,2,2,0,0,100.0
FBgn0026371,SAK,24,24,24,0,0,100.0
FBgn0034601,CG4286,2,2,2,0,0,100.0
FBgn0020616,SA,3,3,3,0,0,100.0
FBgn0037382,Hpr1,7,7,7,0,0,100.0
FBgn0003254,rib,8,8,8,0,0,100.0
FBgn0039747,AdoR,2,2,2,0,0,100.0
FBgn0026411,Lim1,14,14,14,0,0,100.0
FBgn0022288,l(2)09851,5,5,5,0,0,100.0
FBgn0001323,knrl,2,2,2,0,0,100.0
FBgn0028990,Spn27A,4,4,4,0,0,100.0
FBgn0027657,glob1,6,6,6,0,0,100.0
FBgn0039532,Mtl,7,7,7,0,0,100.0
FBgn0035473,mge,5,5,5,0,0,100.0
FBgn0284256,bsf,2,2,2,0,0,100.0
FBgn0029133,REG,2,2,2,0,0,100.0
FBgn0034646,Rae1,5,5,5,0,0,100.0
FBgn0023094,cyc,10,10,10,0,0,100.0
FBgn0037943,CG14722,3,3,3,0,0,100.0
FBgn0020429,GluRIIB,2,2,2,0,0,100.0
FBgn0010258,Rbp4,3,3,3,0,0,100.0
FBgn0027518,Wdr24,7,7,7,0,0,100.0
FBgn0250791,alphaSnap,18,18,18,0,0,100.0
FBgn0034416,,11,0,0,0,0,
FBgn0027599,CG2790,8,8,8,0,0,100.0
FBgn0261954,east,4,4,4,0,0,100.0
FBgn0086359,Invadolysin,2,2,2,0,0,100.0
FBgn0028577,hfp,9,9,9,0,0,100.0
FBgn0038585,Non3,10,10,10,0,0,100.0
FBgn0035849,ERR,22,22,22,0,0,100.0
FBgn0033206,DCTN4-p62,3,3,3,0,0,100.0
FBgn0027515,CG7115,6,6,6,0,0,100.0
FBgn0026401,Nipped-B,4,4,4,0,0,100.0
FBgn0012058,Cdc27,4,4,4,0,0,100.0
FBgn0261800,LanB1,5,5,5,0,0,100.0
FBgn0035520,CG11586,2,2,2,0,0,100.0
FBgn0032197,ova,2,2,2,0,0,100.0
FBgn0037530,EMC1,8,8,8,0,0,100.0
FBgn0000547,ed,5,5,5,0,0,100.0
FBgn0283437,PPO1,4,4,4,0,0,100.0
FBgn0032223,GATAd,19,19,19,0,0,100.0
FBgn0010391,SrpRalpha,4,4,4,0,0,100.0
FBgn0036643,Syx8,19,19,19,0,0,100.0
FBgn0002543,robo2,5,5,5,0,0,100.0
FBgn0051249,CG31249,3,3,3,0,0,100.0
FBgn0036294,CG10654,16,16,16,0,0,100.0
FBgn0035379,spz5,4,4,4,0,0,100.0
FBgn0038630,CG14305,12,12,12,0,0,100.0
FBgn0038166,CG9588,5,5,5,0,0,100.0
FBgn0036239,Pop2,7,7,7,0,0,100.0
FBgn0000490,dpp,29,29,29,0,0,100.0
FBgn0030719,eIF5,3,3,3,0,0,100.0
FBgn0035541,CG15019,7,7,7,0,0,100.0
FBgn0037364,Rab23,4,4,4,0,0,100.0
FBgn0032894,CG14402,6,6,6,0,0,100.0
FBgn0036126,Irbp18,24,24,24,0,0,100.0
FBgn0033740,dgt5,4,4,4,0,0,100.0
FBgn0015946,grim,3,3,3,0,0,100.0
FBgn0261599,RpS29,18,18,18,0,0,100.0
FBgn0086784,stmA,2,2,2,0,0,100.0
FBgn0036820,Grx1,2,2,2,0,0,100.0
FBgn0037020,Pex14,6,6,6,0,0,100.0
FBgn0035574,RhoGEF64C,2,2,2,0,0,100.0
FBgn0037815,Rrp46,16,16,16,0,0,100.0
FBgn0052201,CG32201,20,20,20,0,0,100.0
FBgn0037874,Tctp,9,9,9,0,0,100.0
FBgn0283680,IP3K2,6,5,5,0,0,100.0
FBgn0086251,del,2,2,2,0,0,100.0
FBgn0038123,CG8508,3,3,3,0,0,100.0
FBgn0001259,in,4,4,4,0,0,100.0
FBgn0287186,scro,2,2,2,0,0,100.0
FBgn0038386,CG5478,4,4,4,0,0,100.0
FBgn0260799,p120ctn,18,18,18,0,0,100.0
FBgn0265178,,2,0,0,0,0,
FBgn0032160,CG4598,5,5,5,0,0,100.0
FBgn0014396,tim,9,9,9,0,0,100.0
FBgn0261641,CG42724,5,5,5,0,0,100.0
FBgn0051482,CG31482,4,4,4,0,0,100.0
FBgn0030925,Hayan,5,5,5,0,0,100.0
FBgn0043455,CG5986,2,2,2,0,0,100.0
FBgn0010877,l(3)05822,6,6,6,0,0,100.0
FBgn0032946,nrv3,4,4,4,0,0,100.0
FBgn0039182,CG5728,6,6,6,0,0,100.0
FBgn0261963,mid,12,12,12,0,0,100.0
FBgn0261383,IntS6,7,7,7,0,0,100.0
FBgn0013987,MAPk-Ak2,20,20,20,0,0,100.0
FBgn0031455,Snapin,3,3,3,0,0,100.0
FBgn0011659,Mlh1,2,2,2,0,0,100.0
FBgn0027552,CG10863,4,4,4,0,0,100.0
FBgn0033912,RpS23,14,14,14,0,0,100.0
FBgn0034726,Mes4,8,8,8,0,0,100.0
FBgn0039867,CstF50,2,2,2,0,0,100.0
FBgn0034647,pirk,4,4,4,0,0,100.0
FBgn0260941,app,9,9,9,0,0,100.0
FBgn0028992,sds22,8,8,8,0,0,100.0
FBgn0020235,ATPsyngamma,8,8,8,0,0,100.0
FBgn0035016,CG4612,6,6,6,0,0,100.0
FBgn0263239,dar1,4,4,4,0,0,100.0
FBgn0039883,RhoGAP100F,4,4,4,0,0,100.0
FBgn0033951,CG10139,2,2,2,0,0,100.0
FBgn0016691,ATPsynO,6,6,6,0,0,100.0
FBgn0051612,CG31612,2,2,2,0,0,100.0
FBgn0032600,BuGZ,2,2,2,0,0,100.0
FBgn0051902,Spn28Da,6,6,6,0,0,100.0
FBgn0053169,CG33169,8,8,8,0,0,100.0
FBgn0030992,CG33253,3,3,3,0,0,100.0
FBgn0030009,CG15336,3,3,3,0,0,100.0
FBgn0036290,CG10638,12,12,12,0,0,100.0
FBgn0052086,CG32086,6,6,6,0,0,100.0
FBgn0038418,pad,3,3,3,0,0,100.0
FBgn0042129,OS9,3,3,3,0,0,100.0
FBgn0037467,Ufl1,5,5,5,0,0,100.0
FBgn0031745,rau,23,23,23,0,0,100.0
FBgn0004397,Vinc,5,4,4,0,0,100.0
FBgn0031849,CG11327,15,15,15,0,0,100.0
FBgn0002044,swm,5,5,5,0,0,100.0
FBgn0011554,etaTry,3,3,3,0,0,100.0
FBgn0039667,FipoQ,2,2,2,0,0,100.0
FBgn0051017,PH4alphaNE3,21,21,21,0,0,100.0
FBgn0031673,CG31650,3,3,3,0,0,100.0
FBgn0001122,Galphao,9,9,9,0,0,100.0
FBgn0031247,CG11562,2,2,2,0,0,100.0
FBgn0022097,Vha36-1,7,7,7,0,0,100.0
FBgn0038234,mRpL11,2,2,2,0,0,100.0
FBgn0034072,Dg,15,15,15,0,0,100.0
FBgn0004396,CrebA,10,10,10,0,0,100.0
FBgn0036462,mRpL39,14,14,14,0,0,100.0
FBgn0029831,CG5966,7,7,7,0,0,100.0
FBgn0010341,Cdc42,52,52,52,0,0,100.0
FBgn0030434,Brms1,4,4,4,0,0,100.0
FBgn0031407,CG4270,9,9,9,0,0,100.0
FBgn0003366,sev,3,3,3,0,0,100.0
FBgn0259982,Uxt,4,4,4,0,0,100.0
FBgn0033268,Obp44a,2,2,2,0,0,100.0
FBgn0032731,Swip-1,5,5,5,0,0,100.0
FBgn0025463,Bap60,34,34,34,0,0,100.0
FBgn0035771,Sec63,5,5,5,0,0,100.0
FBgn0264490,Eip93F,3,3,3,0,0,100.0
FBgn0037295,dpr16,3,3,3,0,0,100.0
FBgn0015575,alpha-Est7,2,2,2,0,0,100.0
FBgn0031461,daw,12,12,12,0,0,100.0
FBgn0039044,p53,52,52,52,0,0,100.0
FBgn0036918,Pfdn6,11,11,11,0,0,100.0
FBgn0041103,nht,2,2,2,0,0,100.0
FBgn0004047,Yp3,5,5,5,0,0,100.0
FBgn0029507,Tsp42Ed,3,3,3,0,0,100.0
FBgn0036738,CG7542,7,7,7,0,0,100.0
FBgn0036480,Cep135,3,3,3,0,0,100.0
FBgn0037888,scpr-B,3,3,3,0,0,100.0
FBgn0038371,Pbp45,5,5,5,0,0,100.0
FBgn0031628,CG3294,3,3,3,0,0,100.0
FBgn0011211,blw,3,3,3,0,0,100.0
FBgn0261276,Opa1,3,3,3,0,0,100.0
FBgn0002579,RpL36,22,22,22,0,0,100.0
FBgn0027950,MBD-like,9,9,9,0,0,100.0
FBgn0002733,E(spl)mbeta-HLH,17,17,17,0,0,100.0
FBgn0039028,,5,0,0,0,0,
FBgn0003415,skd,5,5,5,0,0,100.0
FBgn0028411,Nxt1,5,5,5,0,0,100.0
FBgn0027535,botv,5,5,5,0,0,100.0
FBgn0039227,polybromo,4,4,4,0,0,100.0
FBgn0045842,yuri,3,3,3,0,0,100.0
FBgn0025571,SF1,2,2,2,0,0,100.0
FBgn0028708,Mst85C,2,2,2,0,0,100.0
FBgn0261434,hkb,5,5,5,0,0,100.0
FBgn0017456,Ubc84D,5,5,5,0,0,100.0
FBgn0047038,ND-13B,3,3,3,0,0,100.0
FBgn0024234,gbb,9,9,9,0,0,100.0
FBgn0030217,CG2124,2,2,2,0,0,100.0
FBgn0035725,Mis12,6,6,6,0,0,100.0
FBgn0037688,CG9356,2,2,2,0,0,100.0
FBgn0250785,vari,5,5,5,0,0,100.0
FBgn0266724,Trs20,6,6,6,0,0,100.0
FBgn0029722,CG7024,5,5,5,0,0,100.0
FBgn0035718,CG14820,2,2,2,0,0,100.0
FBgn0032330,Samuel,2,2,2,0,0,100.0
FBgn0028560,sut4,2,2,2,0,0,100.0
FBgn0037218,aux,12,12,12,0,0,100.0
FBgn0039088,CG10164,4,4,4,0,0,100.0
FBgn0013675,COX2,15,15,15,0,0,100.0
FBgn0027951,MTA1-like,7,7,7,0,0,100.0
FBgn0010409,RpL18A,16,16,16,0,0,100.0
FBgn0035590,Prpk,9,9,9,0,0,100.0
FBgn0038613,Vha100-4,2,2,2,0,0,100.0
FBgn0028685,Rpt4,7,7,7,0,0,100.0
FBgn0035589,CHMP2B,2,2,2,0,0,100.0
FBgn0063499,GstE10,32,32,32,0,0,100.0
FBgn0005533,RpS17,39,39,39,0,0,100.0
FBgn0042182,CG18749,20,20,20,0,0,100.0
FBgn0266136,Gyc76C,2,2,2,0,0,100.0
FBgn0267330,KdelR,11,11,11,0,0,100.0
FBgn0003870,ttk,23,23,23,0,0,100.0
FBgn0011715,Snr1,31,30,30,0,0,100.0
FBgn0085408,Shrm,5,5,5,0,0,100.0
FBgn0036790,AstC-R1,9,9,9,0,0,100.0
FBgn0030710,CG8924,7,7,7,0,0,100.0
FBgn0040777,CG14767,3,3,3,0,0,100.0
FBgn0026441,ear,5,5,5,0,0,100.0
FBgn0000482,dor,11,11,11,0,0,100.0
FBgn0259213,side-II,2,2,2,0,0,100.0
FBgn0038951,CG5380,3,3,3,0,0,100.0
FBgn0037383,Sec20,8,8,8,0,0,100.0
FBgn0263599,l(3)72Ab,3,3,3,0,0,100.0
FBgn0034763,RYBP,7,7,7,0,0,100.0
FBgn0000611,exd,16,16,16,0,0,100.0
FBgn0034720,Liprin-gamma,2,2,2,0,0,100.0
FBgn0039212,Syx18,16,16,16,0,0,100.0
FBgn0265784,CrebB,30,30,30,0,0,100.0
FBgn0033485,RpLP0-like,11,11,11,0,0,100.0
FBgn0038570,Prx5,2,2,2,0,0,100.0
FBgn0035210,msd5,2,2,2,0,0,100.0
FBgn0028327,l(1)G0320,3,3,3,0,0,100.0
FBgn0266580,Gp210,4,4,4,0,0,100.0
FBgn0004852,Ac76E,2,2,2,0,0,100.0
FBgn0032017,CG7810,3,3,3,0,0,100.0
FBgn0005655,PCNA,16,16,16,0,0,100.0
FBgn0267384,Ubc7,3,3,3,0,0,100.0
FBgn0038978,tHMG1,5,5,5,0,0,100.0
FBgn0010548,Aldh-III,2,2,2,0,0,100.0
FBgn0042092,CG13773,3,3,3,0,0,100.0
FBgn0036368,CG10738,3,3,3,0,0,100.0
FBgn0028852,CG15262,5,5,5,0,0,100.0
FBgn0260990,yata,7,7,7,0,0,100.0
FBgn0261859,CG42788,8,8,8,0,0,100.0
FBgn0034258,eIF3c,9,9,9,0,0,100.0
FBgn0038768,CG4936,3,3,3,0,0,100.0
FBgn0029941,CG1677,2,2,2,0,0,100.0
FBgn0034919,,2,0,0,0,0,
FBgn0004648,svr,14,14,14,0,0,100.0
FBgn0037312,CG11999,18,18,18,0,0,100.0
FBgn0015664,Dref,12,12,12,0,0,100.0
FBgn0028550,Atf3,4,4,4,0,0,100.0
FBgn0040206,krz,2,2,2,0,0,100.0
FBgn0250906,Pgk,11,11,11,0,0,100.0
FBgn0040992,CG10570,2,2,2,0,0,100.0
FBgn0000719,fog,17,17,17,0,0,100.0
FBgn0031640,Mon1,4,3,3,0,0,100.0
FBgn0260855,Sec22,14,14,14,0,0,100.0
FBgn0023212,EloB,14,14,14,0,0,100.0
FBgn0264975,Nrg,6,6,6,0,0,100.0
FBgn0285911,Vps16A,7,7,7,0,0,100.0
FBgn0011283,Obp28a,2,2,2,0,0,100.0
FBgn0265186,CG44251,3,3,3,0,0,100.0
FBgn0283469,Vps4,13,13,13,0,0,100.0
FBgn0037756,CG8507,2,2,2,0,0,100.0
FBgn0261526,NT1,3,3,3,0,0,100.0
FBgn0040670,e(y)2b,6,6,6,0,0,100.0
FBgn0031644,CG15625,2,2,2,0,0,100.0
FBgn0051021,CG31021,20,20,20,0,0,100.0
FBgn0004110,tin,6,6,6,0,0,100.0
FBgn0034742,CG4294,2,2,2,0,0,100.0
FBgn0263667,Lpt,7,7,7,0,0,100.0
FBgn0052521,CG32521,2,2,2,0,0,100.0
FBgn0038128,Ravus,3,3,3,0,0,100.0
FBgn0000711,flw,78,78,78,0,0,100.0
FBgn0032051,CG13097,5,5,5,0,0,100.0
FBgn0035838,ldbr,8,8,8,0,0,100.0
FBgn0039994,conu,4,4,4,0,0,100.0
FBgn0013676,COX3,4,4,4,0,0,100.0
FBgn0002643,mam,5,5,5,0,0,100.0
FBgn0002031,l(2)37Cc,2,2,2,0,0,100.0
FBgn0039478,Nep5,10,10,10,0,0,100.0
FBgn0039350,jigr1,5,5,5,0,0,100.0
FBgn0037879,scpr-C,2,2,2,0,0,100.0
FBgn0030063,CG1789,4,4,4,0,0,100.0
FBgn0028838,CSN1a,5,5,5,0,0,100.0
FBgn0038722,Nup58,6,6,6,0,0,100.0
FBgn0024555,flfl,5,5,5,0,0,100.0
FBgn0029700,CG15576,3,2,2,0,0,100.0
FBgn0035954,Doc3,2,2,2,0,0,100.0
FBgn0262721,CG43165,2,2,2,0,0,100.0
FBgn0013725,phyl,13,13,13,0,0,100.0
FBgn0011259,Sema1a,15,15,15,0,0,100.0
FBgn0033402,Myd88,3,3,3,0,0,100.0
FBgn0003210,rb,9,9,9,0,0,100.0
FBgn0035959,CG4911,2,2,2,0,0,100.0
FBgn0022984,qkr58E-3,5,5,5,0,0,100.0
FBgn0025549,unc-119,2,2,2,0,0,100.0
FBgn0038307,mRpS10,9,9,9,0,0,100.0
FBgn0051155,Rpb7,6,6,6,0,0,100.0
FBgn0000439,Dfd,7,7,7,0,0,100.0
FBgn0033710,CG17739,3,3,3,0,0,100.0
FBgn0261437,CSN8,8,8,8,0,0,100.0
FBgn0051004,mesh,2,2,2,0,0,100.0
FBgn0016726,RpL29,19,19,19,0,0,100.0
FBgn0086757,cbs,3,3,3,0,0,100.0
FBgn0003410,sina,35,34,34,0,0,100.0
FBgn0261041,stj,2,2,2,0,0,100.0
FBgn0038603,PKD,6,6,6,0,0,100.0
FBgn0027836,Dgp-1,8,8,8,0,0,100.0
FBgn0034242,CG14480,3,3,3,0,0,100.0
FBgn0003676,CCT1,8,8,8,0,0,100.0
FBgn0041709,yellow-g,10,9,9,0,0,100.0
FBgn0042125,CG18787,5,5,5,0,0,100.0
FBgn0039860,CG1792,2,2,2,0,0,100.0
FBgn0030748,Traf-like,11,11,11,0,0,100.0
FBgn0003118,pnt,21,21,21,0,0,100.0
FBgn0000014,abd-A,41,41,41,0,0,100.0
FBgn0040628,CAH16,8,8,8,0,0,100.0
FBgn0032492,Prosalpha6T,6,6,6,0,0,100.0
FBgn0031677,CG14036,4,4,4,0,0,100.0
FBgn0259935,CG42458,17,17,17,0,0,100.0
FBgn0029709,CHOp24,7,7,7,0,0,100.0
FBgn0039298,to,7,7,7,0,0,100.0
FBgn0029113,Uba2,4,4,4,0,0,100.0
FBgn0032702,CG10376,6,6,6,0,0,100.0
FBgn0022238,lolal,10,10,10,0,0,100.0
FBgn0038387,blp,2,2,2,0,0,100.0
FBgn0003687,Tbp,13,13,13,0,0,100.0
FBgn0032481,CG16972,3,3,3,0,0,100.0
FBgn0011642,Zyx,18,18,18,0,0,100.0
FBgn0027521,,2,0,0,0,0,
FBgn0036227,CG17826,4,4,4,0,0,100.0
FBgn0000150,awd,11,11,11,0,0,100.0
FBgn0010774,Ref1,3,3,3,0,0,100.0
FBgn0024732,Drep1,7,7,7,0,0,100.0
FBgn0030975,SdhBL,6,6,6,0,0,100.0
FBgn0040271,Sulf1,2,2,2,0,0,100.0
FBgn0004898,fd96Cb,3,3,3,0,0,100.0
FBgn0025382,Rab27,2,2,2,0,0,100.0
FBgn0038357,CG5623,2,2,2,0,0,100.0
FBgn0000576,ems,4,4,4,0,0,100.0
FBgn0037995,CG3809,2,2,2,0,0,100.0
FBgn0036556,hzg,7,7,7,0,0,100.0
FBgn0004045,Yp1,5,5,5,0,0,100.0
FBgn0050431,CG30431,4,4,4,0,0,100.0
FBgn0036671,CG9951,11,11,11,0,0,100.0
FBgn0015222,Fer1HCH,3,3,3,0,0,100.0
FBgn0286051,Rexo5,2,2,2,0,0,100.0
FBgn0038129,TBC1D5,4,4,4,0,0,100.0
FBgn0260935,Vps15,8,8,8,0,0,100.0
FBgn0266451,fau,2,2,2,0,0,100.0
FBgn0030346,BORCS5,6,6,6,0,0,100.0
FBgn0037470,Tailor,5,5,5,0,0,100.0
FBgn0036916,Mtr3,12,12,12,0,0,100.0
FBgn0026239,gukh,5,5,5,0,0,100.0
FBgn0040291,Roc1b,5,5,5,0,0,100.0
FBgn0003042,Pc,41,41,41,0,0,100.0
FBgn0039053,CG6738,2,2,2,0,0,100.0
FBgn0024846,p38b,87,86,86,0,0,100.0
FBgn0030341,p24-1,7,7,7,0,0,100.0
FBgn0264855,AP-2alpha,14,14,14,0,0,100.0
FBgn0260860,Bet5,3,3,3,0,0,100.0
FBgn0031458,aph-1,5,5,5,0,0,100.0
FBgn0036436,CG4914,27,27,27,0,0,100.0
FBgn0035181,CG9205,3,3,3,0,0,100.0
FBgn0027057,CSN1b,6,6,6,0,0,100.0
FBgn0036141,wls,10,10,10,0,0,100.0
FBgn0034814,CG9890,2,2,2,0,0,100.0
FBgn0036819,Dysb,20,20,20,0,0,100.0
FBgn0024371,E2f2,35,34,34,0,0,100.0
FBgn0031820,Daxx,4,4,4,0,0,100.0
FBgn0039625,beta4GalNAcTB,9,9,9,0,0,100.0
FBgn0000166,bcd,21,21,21,0,0,100.0
FBgn0036895,ms(3)76Cc,4,4,4,0,0,100.0
FBgn0015283,Rpn10,8,8,8,0,0,100.0
FBgn0030242,sofe,4,4,4,0,0,100.0
FBgn0010356,Taf5,9,9,9,0,0,100.0
FBgn0035644,,3,0,0,0,0,
FBgn0030504,CG2691,8,8,8,0,0,100.0
FBgn0035607,CG4835,2,2,2,0,0,100.0
FBgn0038855,CG5745,2,2,2,0,0,100.0
FBgn0035985,Cpr67B,5,5,5,0,0,100.0
FBgn0002775,msl-3,16,16,16,0,0,100.0
FBgn0029943,Atg5,7,7,7,0,0,100.0
FBgn0086134,Prosalpha2,9,9,9,0,0,100.0
FBgn0000146,aub,7,7,7,0,0,100.0
FBgn0260639,gammaTub23C,6,6,6,0,0,100.0
FBgn0052672,Atg8a,110,110,110,0,0,100.0
FBgn0037655,Kcmf1,3,3,3,0,0,100.0
FBgn0035730,CG17744,3,3,3,0,0,100.0
FBgn0029905,Nf-YC,10,10,10,0,0,100.0
FBgn0261261,plx,4,4,4,0,0,100.0
FBgn0264492,CkIIalpha,145,143,143,0,0,100.0
FBgn0039600,CG1646,2,2,2,0,0,100.0
FBgn0028421,Kap3,5,5,5,0,0,100.0
FBgn0050037,CG30037,3,3,3,0,0,100.0
FBgn0036745,CG7484,3,3,3,0,0,100.0
FBgn0015829,TfIIEbeta,7,7,7,0,0,100.0
FBgn0265042,Irk1,2,2,2,0,0,100.0
FBgn0053110,CG33110,2,2,2,0,0,100.0
FBgn0039712,CG15514,9,9,9,0,0,100.0
FBgn0036029,,3,0,0,0,0,
FBgn0013347,TfIIA-S,4,4,4,0,0,100.0
FBgn0085432,pan,30,30,30,0,0,100.0
FBgn0016119,ATPsynCF6,8,8,8,0,0,100.0
FBgn0034401,MetRS,4,4,4,0,0,100.0
FBgn0010497,dmGlut,2,2,2,0,0,100.0
FBgn0052847,CG32847,2,2,2,0,0,100.0
FBgn0004915,TfIIB,20,20,20,0,0,100.0
FBgn0014391,sun,11,11,11,0,0,100.0
FBgn0043854,slam,4,4,4,0,0,100.0
FBgn0034708,Vps35,6,6,6,0,0,100.0
FBgn0032354,CG4788,3,3,3,0,0,100.0
FBgn0040075,rept,4,4,4,0,0,100.0
FBgn0051388,CG31388,2,2,2,0,0,100.0
FBgn0037614,TMEM216,2,2,2,0,0,100.0
FBgn0035995,CG3529,6,6,6,0,0,100.0
FBgn0004657,mys,47,47,47,0,0,100.0
FBgn0034096,CG7786,7,7,7,0,0,100.0
FBgn0086778,nAChRalpha7,3,3,3,0,0,100.0
FBgn0266667,Exo70,12,12,12,0,0,100.0
FBgn0042111,CG18766,2,2,2,0,0,100.0
FBgn0039543,CROT,2,2,2,0,0,100.0
FBgn0028474,CG4119,8,8,8,0,0,100.0
FBgn0015400,kek2,2,2,2,0,0,100.0
FBgn0010278,Ssrp,23,23,23,0,0,100.0
FBgn0031129,CG1324,2,2,2,0,0,100.0
FBgn0003060,,2,0,0,0,0,
FBgn0031066,COX6B,2,2,2,0,0,100.0
FBgn0011742,Arp2,8,8,8,0,0,100.0
FBgn0034705,CG11170,2,2,2,0,0,100.0
FBgn0263391,hts,3,3,3,0,0,100.0
FBgn0032961,CG1416,11,11,11,0,0,100.0
FBgn0004782,Ccp84Ab,2,2,2,0,0,100.0
FBgn0062517,CG16984,3,3,3,0,0,100.0
FBgn0003660,Syb,43,43,43,0,0,100.0
FBgn0031238,CG3645,2,2,2,0,0,100.0
FBgn0053207,pxb,3,3,3,0,0,100.0
FBgn0087005,rtp,4,4,4,0,0,100.0
FBgn0053993,CG33993,3,3,3,0,0,100.0
FBgn0030688,CG8952,4,4,4,0,0,100.0
FBgn0260944,Rbp1,2,2,2,0,0,100.0
FBgn0031450,Hrs,10,10,10,0,0,100.0
FBgn0032643,GCS2beta,8,8,8,0,0,100.0
FBgn0002552,lin,4,4,4,0,0,100.0
FBgn0031762,CG9098,2,2,2,0,0,100.0
FBgn0002723,Met,10,10,10,0,0,100.0
FBgn0038890,CG7956,3,3,3,0,0,100.0
FBgn0034697,GM130,13,13,13,0,0,100.0
FBgn0039616,CG11828,20,20,20,0,0,100.0
FBgn0026176,SkpB,21,21,21,0,0,100.0
FBgn0038976,Pfdn5,6,6,6,0,0,100.0
FBgn0000084,AnxB10,3,3,3,0,0,100.0
FBgn0010612,ATPsynG,4,4,4,0,0,100.0
FBgn0035904,GstO3,40,40,40,0,0,100.0
FBgn0004567,slp2,35,35,35,0,0,100.0
FBgn0034109,CG7747,3,3,3,0,0,100.0
FBgn0027932,Akap200,33,33,33,0,0,100.0
FBgn0032377,CG14937,3,3,3,0,0,100.0
FBgn0066084,RpL41,5,4,4,0,0,100.0
FBgn0035697,CG10163,2,2,2,0,0,100.0
FBgn0005640,Eip63E,28,28,28,0,0,100.0
FBgn0040918,schlank,17,17,17,0,0,100.0
FBgn0030061,CG1785,16,16,16,0,0,100.0
FBgn0267347,squ,6,5,5,0,0,100.0
FBgn0037573,CG7483,6,6,6,0,0,100.0
FBgn0003023,otu,4,4,4,0,0,100.0
FBgn0259139,glo,2,2,2,0,0,100.0
FBgn0026199,myo,3,3,3,0,0,100.0
FBgn0015396,jumu,5,5,5,0,0,100.0
FBgn0038977,CG5376,9,9,9,0,0,100.0
FBgn0087040,alphaTub67C,5,5,5,0,0,100.0
FBgn0040338,TfIIA-S-2,2,2,2,0,0,100.0
FBgn0039149,CG18428,2,2,2,0,0,100.0
FBgn0039828,CG1542,16,16,16,0,0,100.0
FBgn0011296,l(2)efl,3,3,3,0,0,100.0
FBgn0030899,Hesr,5,5,5,0,0,100.0
FBgn0013679,ND1,4,4,4,0,0,100.0
FBgn0036801,MYPT-75D,2,2,2,0,0,100.0
FBgn0013343,Syx1A,20,20,20,0,0,100.0
FBgn0038462,EMC2A,4,4,4,0,0,100.0
FBgn0029955,CG15478,3,3,3,0,0,100.0
FBgn0262139,trh,12,12,12,0,0,100.0
FBgn0285913,red,2,2,2,0,0,100.0
FBgn0015521,RpS21,28,28,28,0,0,100.0
FBgn0015795,Rab7,21,21,21,0,0,100.0
FBgn0267336,Glut4EF,3,3,3,0,0,100.0
FBgn0259986,nab,7,7,7,0,0,100.0
FBgn0029936,CG4617,19,18,18,0,0,100.0
FBgn0035798,frac,3,3,3,0,0,100.0
FBgn0002901,mus304,2,2,2,0,0,100.0
FBgn0032789,CG13083,5,5,5,0,0,100.0
FBgn0040650,CG15456,2,2,2,0,0,100.0
FBgn0040087,p115,7,7,7,0,0,100.0
FBgn0053303,CG33303,11,11,11,0,0,100.0
FBgn0041702,CG15107,2,2,2,0,0,100.0
FBgn0011570,cpb,8,8,8,0,0,100.0
FBgn0029114,Tollo,3,3,3,0,0,100.0
FBgn0051296,CG31296,7,7,7,0,0,100.0
FBgn0015903,apt,15,15,15,0,0,100.0
FBgn0261617,nej,4,4,4,0,0,100.0
FBgn0010348,Arf79F,19,19,19,0,0,100.0
FBgn0027090,GlnRS,9,9,9,0,0,100.0
FBgn0034834,LS2,4,4,4,0,0,100.0
FBgn0005626,ple,3,3,3,0,0,100.0
FBgn0000826,png,8,8,8,0,0,100.0
FBgn0038766,CG4854,6,6,6,0,0,100.0
FBgn0028997,nmdyn-D7,3,3,3,0,0,100.0
FBgn0050342,Prp38,2,2,2,0,0,100.0
FBgn0262483,Rbp,3,3,3,0,0,100.0
FBgn0000308,chic,29,29,29,0,0,100.0
FBgn0036850,Gem2,5,5,5,0,0,100.0
FBgn0037980,DCAF12,2,2,2,0,0,100.0
FBgn0015010,Ag5r,5,5,5,0,0,100.0
FBgn0259148,CG42263,2,2,2,0,0,100.0
FBgn0085450,Snoo,7,7,7,0,0,100.0
FBgn0010762,simj,14,14,14,0,0,100.0
FBgn0261609,eIF2alpha,3,3,3,0,0,100.0
FBgn0033842,cbc,2,2,2,0,0,100.0
FBgn0034904,CG15800,2,2,2,0,0,100.0
FBgn0032455,Pih1D1,13,13,13,0,0,100.0
FBgn0261975,CG42806,6,6,6,0,0,100.0
FBgn0035438,PHGPx,18,18,18,0,0,100.0
FBgn0038412,Zip89B,2,2,2,0,0,100.0
FBgn0052354,CG32354,2,2,2,0,0,100.0
FBgn0039404,CG14543,4,4,4,0,0,100.0
FBgn0033558,CG12344,2,2,2,0,0,100.0
FBgn0029750,CG3323,2,0,0,0,0,
FBgn0038466,CG8907,6,5,5,0,0,100.0
FBgn0263251,vnc,2,2,2,0,0,100.0
FBgn0037998,Cog1,2,2,2,0,0,100.0
FBgn0030893,RhoGAP16F,2,2,2,0,0,100.0
FBgn0035624,Eaf6,2,2,2,0,0,100.0
FBgn0033654,Sobp,3,3,3,0,0,100.0
FBgn0004237,Hrb87F,2,2,2,0,0,100.0
FBgn0037396,CG11459,6,6,6,0,0,100.0
FBgn0259734,Nost,2,2,2,0,0,100.0
FBgn0030572,mRpS25,5,5,5,0,0,100.0
FBgn0052479,Usp10,5,5,5,0,0,100.0
FBgn0086445,l(2)37Cd,4,4,4,0,0,100.0
FBgn0032533,,2,0,0,0,0,
FBgn0266916,Cenp-C,16,16,16,0,0,100.0
FBgn0000139,ash2,6,6,6,0,0,100.0
FBgn0000504,dsx,11,10,10,0,0,100.0
FBgn0034286,dpr13,3,3,3,0,0,100.0
FBgn0033749,achi,9,9,9,0,0,100.0
FBgn0026418,Hsc70Cb,11,11,11,0,0,100.0
FBgn0286781,cass,2,2,2,0,0,100.0
FBgn0261396,Rpn3,9,9,9,0,0,100.0
FBgn0035057,CG3880,4,4,4,0,0,100.0
FBgn0014868,Ost48,19,19,19,0,0,100.0
FBgn0037679,Aduk,16,16,16,0,0,100.0
FBgn0036828,CG6841,3,3,3,0,0,100.0
FBgn0002780,mod,5,5,5,0,0,100.0
FBgn0037481,MAGE,2,2,2,0,0,100.0
FBgn0030774,sphe,2,2,2,0,0,100.0
FBgn0001978,stc,4,4,4,0,0,100.0
FBgn0031294,IA-2,3,3,3,0,0,100.0
FBgn0011016,SsRbeta,5,5,5,0,0,100.0
FBgn0027494,RpS10a,11,11,11,0,0,100.0
FBgn0033450,Lsm11,4,4,4,0,0,100.0
FBgn0028991,seq,2,2,2,0,0,100.0
FBgn0036980,RhoBTB,4,4,4,0,0,100.0
FBgn0053094,Synd,3,3,3,0,0,100.0
FBgn0002719,Men,2,2,2,0,0,100.0
FBgn0039765,mRpS18C,6,6,6,0,0,100.0
FBgn0030502,tth,2,2,2,0,0,100.0
FBgn0051800,CG31800,2,2,2,0,0,100.0
FBgn0250832,Dup99B,2,2,2,0,0,100.0
FBgn0039024,Nepl15,4,4,4,0,0,100.0
FBgn0038167,Lkb1,22,22,22,0,0,100.0
FBgn0038829,CG17271,3,3,3,0,0,100.0
FBgn0032117,FucTB,18,18,18,0,0,100.0
FBgn0031976,CG7367,5,5,5,0,0,100.0
FBgn0020251,sfl,8,8,8,0,0,100.0
FBgn0264443,CG43861,10,9,9,0,0,100.0
FBgn0031579,CG15422,4,4,4,0,0,100.0
FBgn0020510,Abi,15,14,14,0,0,100.0
FBgn0285937,Rab1,12,12,12,0,0,100.0
FBgn0032236,mRpS7,8,8,8,0,0,100.0
FBgn0025674,CycK,45,44,44,0,0,100.0
FBgn0053512,dpr4,4,4,4,0,0,100.0
FBgn0027581,CG6191,5,5,5,0,0,100.0
FBgn0010620,CG10939,4,4,4,0,0,100.0
FBgn0030459,CG12723,7,6,6,0,0,100.0
FBgn0004858,elB,7,7,7,0,0,100.0
FBgn0000307,chif,4,4,4,0,0,100.0
FBgn0037529,mRpS9,12,12,12,0,0,100.0
FBgn0003460,so,10,10,10,0,0,100.0
FBgn0051855,CG31855,2,2,2,0,0,100.0
FBgn0259789,zld,3,3,3,0,0,100.0
FBgn0032741,Sidpn,3,3,3,0,0,100.0
FBgn0030054,Caf1-180,9,9,9,0,0,100.0
FBgn0264491,how,4,4,4,0,0,100.0
FBgn0026136,CkIIbeta2,15,15,15,0,0,100.0
FBgn0029812,Prosbeta2R1,3,3,3,0,0,100.0
FBgn0020270,mre11,4,4,4,0,0,100.0
FBgn0015797,Rab6,26,25,25,0,0,100.0
FBgn0001092,Gapdh2,4,4,4,0,0,100.0
FBgn0036510,SCCRO,3,3,3,0,0,100.0
FBgn0029512,Aos1,2,2,2,0,0,100.0
FBgn0040890,ksh,2,1,1,0,0,100.0
FBgn0286785,scb,15,15,15,0,0,100.0
FBgn0039737,CG7920,3,3,3,0,0,100.0
FBgn0041711,yellow-e,2,2,2,0,0,100.0
FBgn0261562,CG42676,3,3,3,0,0,100.0
FBgn0025716,Bap55,17,17,17,0,0,100.0
FBgn0031851,Aatf,6,6,6,0,0,100.0
FBgn0031908,CG5177,4,4,4,0,0,100.0
FBgn0035440,CG14969,2,2,2,0,0,100.0
FBgn0003231,ref(2)P,20,20,20,0,0,100.0
FBgn0287183,l(3)80Fg,6,6,6,0,0,100.0
FBgn0003326,sca,2,2,2,0,0,100.0
FBgn0030631,,2,0,0,0,0,
FBgn0039186,CG5746,2,2,2,0,0,100.0
FBgn0037468,CG1943,2,2,2,0,0,100.0
FBgn0025676,CkIIalpha-i3,7,7,7,0,0,100.0
FBgn0039437,TwdlL,2,2,2,0,0,100.0
FBgn0264542,hwt,2,2,2,0,0,100.0
FBgn0039417,CG6073,5,5,5,0,0,100.0
FBgn0263600,DNApol-delta,2,2,2,0,0,100.0
FBgn0032240,CG17768,11,11,11,0,0,100.0
FBgn0021768,nudC,5,5,5,0,0,100.0
FBgn0032261,CG6094,3,3,3,0,0,100.0
FBgn0039067,wda,5,5,5,0,0,100.0
FBgn0267337,rn,4,4,4,0,0,100.0
FBgn0002570,Mal-A1,5,5,5,0,0,100.0
FBgn0027553,NELF-B,3,3,3,0,0,100.0
FBgn0038266,CG3610,6,6,6,0,0,100.0
FBgn0003943,Ubi-p63E,8,8,8,0,0,100.0
FBgn0019686,lok,27,27,27,0,0,100.0
FBgn0042696,NfI,3,3,3,0,0,100.0
FBgn0261279,lqfR,6,6,6,0,0,100.0
FBgn0030897,Frq1,3,3,3,0,0,100.0
FBgn0010197,Gyc32E,4,4,4,0,0,100.0
FBgn0030082,HP1b,34,34,34,0,0,100.0
FBgn0032381,Mal-B1,2,2,2,0,0,100.0
FBgn0002781,mod(mdg4),22,22,22,0,0,100.0
FBgn0031054,Ssu72,16,16,16,0,0,100.0
FBgn0030477,dmrt11E,2,2,2,0,0,100.0
FBgn0036152,,4,0,0,0,0,
FBgn0010015,CanA1,59,59,59,0,0,100.0
FBgn0016687,Nurf-38,9,9,9,0,0,100.0
FBgn0261871,dpr2,4,4,4,0,0,100.0
FBgn0032769,CG10750,2,2,2,0,0,100.0
FBgn0261268,Cul3,15,15,15,0,0,100.0
FBgn0014143,croc,24,24,24,0,0,100.0
FBgn0030996,CG14194,2,2,2,0,0,100.0
FBgn0002914,Myb,20,20,20,0,0,100.0
FBgn0015614,CanB2,3,3,3,0,0,100.0
FBgn0051445,CG31445,9,9,9,0,0,100.0
FBgn0022936,CycH,10,10,10,0,0,100.0
FBgn0025832,Fen1,2,2,2,0,0,100.0
FBgn0014417,CG13397,3,3,3,0,0,100.0
FBgn0036376,Liprin-beta,14,14,14,0,0,100.0
FBgn0039098,GILT3,3,3,3,0,0,100.0
FBgn0032196,CG5708,10,10,10,0,0,100.0
FBgn0034076,Jhedup,2,2,2,0,0,100.0
FBgn0034950,Pask,15,15,15,0,0,100.0
FBgn0035462,IntS10,6,5,5,0,0,100.0
FBgn0037236,Skp2,6,6,6,0,0,100.0
FBgn0003964,usp,7,7,7,0,0,100.0
FBgn0002576,lz,12,12,12,0,0,100.0
FBgn0029094,asf1,13,12,12,0,0,100.0
FBgn0031281,Saf6,8,8,8,0,0,100.0
FBgn0265998,Doa,72,72,72,0,0,100.0
FBgn0000533,ea,5,5,5,0,0,100.0
FBgn0030854,CG8289,6,6,6,0,0,100.0
FBgn0003330,Sce,21,21,21,0,0,100.0
FBgn0027086,IleRS,5,5,5,0,0,100.0
FBgn0085433,CG34404,14,14,14,0,0,100.0
FBgn0264694,mgr,6,6,6,0,0,100.0
FBgn0035033,CG3548,7,7,7,0,0,100.0
FBgn0025682,scf,11,11,11,0,0,100.0
FBgn0033010,Atf6,4,4,4,0,0,100.0
FBgn0026056,Rlip,9,9,9,0,0,100.0
FBgn0040684,CG12589,3,2,2,0,0,100.0
FBgn0000259,CkIIbeta,32,32,32,0,0,100.0
FBgn0032341,Reps,11,11,11,0,0,100.0
FBgn0030931,Xrcc2,2,2,2,0,0,100.0
FBgn0026063,KP78b,9,9,9,0,0,100.0
FBgn0034568,CG3216,2,2,2,0,0,100.0
FBgn0283473,S6KL,11,10,10,0,0,100.0
FBgn0261799,dsx-c73A,3,2,2,0,0,100.0
FBgn0031914,CG5973,2,2,2,0,0,100.0
FBgn0037110,ORMDL,6,6,6,0,0,100.0
FBgn0036101,NijA,2,2,2,0,0,100.0
FBgn0040529,COX7A,7,7,7,0,0,100.0
FBgn0039642,CG11882,2,2,2,0,0,100.0
FBgn0031030,Tao,5,5,5,0,0,100.0
FBgn0031952,cdc14,10,10,10,0,0,100.0
FBgn0260857,Bet1,12,12,12,0,0,100.0
FBgn0027560,Tps1,2,2,2,0,0,100.0
FBgn0000045,Act79B,7,7,7,0,0,100.0
FBgn0003865,tsg,7,7,7,0,0,100.0
FBgn0262738,norpA,2,2,2,0,0,100.0
FBgn0020378,Sp1,7,7,7,0,0,100.0
FBgn0033742,Nepl10,5,5,5,0,0,100.0
FBgn0031249,CG11911,2,2,2,0,0,100.0
FBgn0034073,CG8414,4,4,4,0,0,100.0
FBgn0003090,pk,5,5,5,0,0,100.0
FBgn0025725,alphaCOP,7,7,7,0,0,100.0
FBgn0003356,Jon99Cii,6,5,5,0,0,100.0
FBgn0013685,ND6,6,6,6,0,0,100.0
FBgn0034091,mrj,2,2,2,0,0,100.0
FBgn0002945,nkd,3,3,3,0,0,100.0
FBgn0264299,CG43777,6,6,6,0,0,100.0
FBgn0031045,CG14212,3,3,3,0,0,100.0
FBgn0259152,Clbn,3,3,3,0,0,100.0
FBgn0036826,arx,2,2,2,0,0,100.0
FBgn0033817,GstE14,25,25,25,0,0,100.0
FBgn0033919,,2,0,0,0,0,
FBgn0031492,CG3542,6,6,6,0,0,100.0
FBgn0030562,CG9400,8,8,8,0,0,100.0
FBgn0028691,Rpn9,7,7,7,0,0,100.0
FBgn0028497,CG3530,3,3,3,0,0,100.0
FBgn0037280,BBS5,7,7,7,0,0,100.0
FBgn0262167,ana1,6,6,6,0,0,100.0
FBgn0028434,Ercc1,5,4,4,0,0,100.0
FBgn0263198,Acn,14,14,14,0,0,100.0
FBgn0015298,Srp19,4,4,4,0,0,100.0
FBgn0265487,mbl,4,4,4,0,0,100.0
FBgn0001079,fu,10,10,10,0,0,100.0
FBgn0035890,CG13667,2,2,2,0,0,100.0
FBgn0039017,,2,0,0,0,0,
FBgn0027508,Tnks,3,3,3,0,0,100.0
FBgn0036581,MED10,9,9,9,0,0,100.0
FBgn0260397,Su(var)3-3,4,4,4,0,0,100.0
FBgn0040373,CG3038,17,17,17,0,0,100.0
FBgn0032515,loqs,4,4,4,0,0,100.0
FBgn0261004,asl,7,7,7,0,0,100.0
FBgn0002772,Mlc1,9,9,9,0,0,100.0
FBgn0037213,,4,0,0,0,0,
FBgn0037908,dpr5,4,4,4,0,0,100.0
FBgn0033680,CG13186,3,3,3,0,0,100.0
FBgn0033442,,2,0,0,0,0,
FBgn0035110,thoc7,6,6,6,0,0,100.0
FBgn0038529,,2,0,0,0,0,
FBgn0002938,ninaC,2,2,2,0,0,100.0
FBgn0000562,egl,10,10,10,0,0,100.0
FBgn0004584,Rrp1,4,4,4,0,0,100.0
FBgn0260012,pds5,6,6,6,0,0,100.0
FBgn0024889,Kap-alpha1,10,10,10,0,0,100.0
FBgn0034666,CG9294,23,23,23,0,0,100.0
FBgn0000330,cm,4,4,4,0,0,100.0
FBgn0023489,Pph13,5,5,5,0,0,100.0
FBgn0031805,Nepl4,9,9,9,0,0,100.0
FBgn0038872,Nelf-A,5,5,5,0,0,100.0
FBgn0011474,PR-Set7,5,5,5,0,0,100.0
FBgn0027568,Cand1,2,2,2,0,0,100.0
FBgn0036328,CG10749,5,5,5,0,0,100.0
FBgn0029095,aru,29,28,28,0,0,100.0
FBgn0261387,CG17528,13,13,13,0,0,100.0
FBgn0082585,sprt,7,7,7,0,0,100.0
FBgn0030791,CG9132,2,2,2,0,0,100.0
FBgn0263980,Stacl,6,6,6,0,0,100.0
FBgn0266518,Dpit47,8,8,8,0,0,100.0
FBgn0040931,CG9034,4,4,4,0,0,100.0
FBgn0003277,RpII215,8,8,8,0,0,100.0
FBgn0036043,Ae2,2,2,2,0,0,100.0
FBgn0035491,Dpy-30L2,6,6,6,0,0,100.0
FBgn0026778,Rad1,2,2,2,0,0,100.0
FBgn0040629,CAH5,2,2,2,0,0,100.0
FBgn0038993,CG13843,5,5,5,0,0,100.0
FBgn0005564,Shal,2,2,2,0,0,100.0
FBgn0266449,Kr-h2,9,9,9,0,0,100.0
FBgn0027945,ppl,4,4,4,0,0,100.0
FBgn0004374,neb,4,4,4,0,0,100.0
FBgn0015776,nrv1,5,5,5,0,0,100.0
FBgn0032707,CG10348,10,10,10,0,0,100.0
FBgn0004429,LysP,11,11,11,0,0,100.0
FBgn0038941,CG7080,3,3,3,0,0,100.0
FBgn0039636,Atg14,9,9,9,0,0,100.0
FBgn0040268,Top3alpha,3,3,3,0,0,100.0
FBgn0034706,CG11275,11,10,10,0,0,100.0
FBgn0031988,CG8668,14,14,14,0,0,100.0
FBgn0038915,CG17819,2,1,1,0,0,100.0
FBgn0014269,prod,15,15,15,0,0,100.0
FBgn0031878,sip2,11,11,11,0,0,100.0
FBgn0039733,CG11504,4,3,3,0,0,100.0
FBgn0034774,CG13526,2,2,2,0,0,100.0
FBgn0013997,Nrx-IV,21,21,21,0,0,100.0
FBgn0039627,CG11837,2,2,2,0,0,100.0
FBgn0038475,Keap1,5,5,5,0,0,100.0
FBgn0014135,bnl,9,9,9,0,0,100.0
FBgn0053202,dpr11,3,3,3,0,0,100.0
FBgn0037581,CG7352,3,3,3,0,0,100.0
FBgn0086710,RpL30,17,17,17,0,0,100.0
FBgn0035791,CG8539,7,7,7,0,0,100.0
FBgn0035021,CG4622,3,3,3,0,0,100.0
FBgn0025724,beta'COP,4,4,4,0,0,100.0
FBgn0004574,Rop,8,8,8,0,0,100.0
FBgn0265192,Snp,2,2,2,0,0,100.0
FBgn0020887,Su(z)12,12,12,12,0,0,100.0
FBgn0265464,Traf6,9,9,9,0,0,100.0
FBgn0023526,CG2865,20,20,20,0,0,100.0
FBgn0037572,CG11698,3,3,3,0,0,100.0
FBgn0035518,CG15011,5,5,5,0,0,100.0
FBgn0037363,Atg17,14,14,14,0,0,100.0
FBgn0051988,CG31988,4,4,4,0,0,100.0
FBgn0010357,betaTry,11,11,11,0,0,100.0
FBgn0261243,Psa,16,16,16,0,0,100.0
FBgn0011556,zetaTry,4,4,4,0,0,100.0
FBgn0038369,Arpc3A,3,3,3,0,0,100.0
FBgn0036154,CG6168,2,2,2,0,0,100.0
FBgn0017577,Mcm5,7,7,7,0,0,100.0
FBgn0034854,Golgin245,5,5,5,0,0,100.0
FBgn0025519,fidipidine,4,4,4,0,0,100.0
FBgn0036862,Gbs-76A,5,5,5,0,0,100.0
FBgn0035982,CG4461,5,5,5,0,0,100.0
FBgn0034858,eIF2Bdelta,3,3,3,0,0,100.0
FBgn0034422,CG7137,9,9,9,0,0,100.0
FBgn0039907,lgs,3,3,3,0,0,100.0
FBgn0032258,Cog4,2,2,2,0,0,100.0
FBgn0000560,eg,6,6,6,0,0,100.0
FBgn0013718,nuf,11,11,11,0,0,100.0
FBgn0036386,CG8833,4,4,4,0,0,100.0
FBgn0039613,Nepl20,13,13,13,0,0,100.0
FBgn0035780,CG18417,2,2,2,0,0,100.0
FBgn0038396,CG5013,4,4,4,0,0,100.0
FBgn0032346,Csl4,8,8,8,0,0,100.0
FBgn0036286,CG10616,6,6,6,0,0,100.0
FBgn0039807,CG15546,4,4,4,0,0,100.0
FBgn0034661,tpr,30,30,30,0,0,100.0
FBgn0026369,Sara,4,4,4,0,0,100.0
FBgn0261984,Ire1,10,10,10,0,0,100.0
FBgn0004003,wbl,3,3,3,0,0,100.0
FBgn0027783,SMC2,6,6,6,0,0,100.0
FBgn0265262,Vha68-1,2,2,2,0,0,100.0
FBgn0261823,Asx,10,10,10,0,0,100.0
FBgn0031580,CG15423,2,2,2,0,0,100.0
FBgn0030196,Psf3,4,4,4,0,0,100.0
FBgn0263606,Hsc20,2,2,2,0,0,100.0
FBgn0013269,Fkbp39,24,24,24,0,0,100.0
FBgn0001180,hb,5,5,5,0,0,100.0
FBgn0036978,Toll-9,4,4,4,0,0,100.0
FBgn0264693,ens,4,4,4,0,0,100.0
FBgn0035042,CG3640,6,6,6,0,0,100.0
FBgn0039835,mRpL32,3,3,3,0,0,100.0
FBgn0032847,Taf13,3,3,3,0,0,100.0
FBgn0027066,Eb1,14,14,14,0,0,100.0
FBgn0023167,SmD3,8,8,8,0,0,100.0
FBgn0261790,SmE,12,12,12,0,0,100.0
FBgn0036741,anchor,2,2,2,0,0,100.0
FBgn0027873,Cpsf100,6,6,6,0,0,100.0
FBgn0024150,Ac78C,3,3,3,0,0,100.0
FBgn0036761,MED19,11,11,11,0,0,100.0
FBgn0036035,CG18178,21,21,21,0,0,100.0
FBgn0026141,Cdlc2,16,15,15,0,0,100.0
FBgn0063492,GstE8,33,33,33,0,0,100.0
FBgn0027329,CCT6,8,8,8,0,0,100.0
FBgn0010235,Klc,18,18,18,0,0,100.0
FBgn0261588,pdm3,5,5,5,0,0,100.0
FBgn0259211,grh,6,6,6,0,0,100.0
FBgn0022699,D19B,4,4,4,0,0,100.0
FBgn0013949,Elal,3,3,3,0,0,100.0
FBgn0030894,Mvb12,4,4,4,0,0,100.0
FBgn0000524,dx,6,6,6,0,0,100.0
FBgn0028475,Hrd3,2,2,2,0,0,100.0
FBgn0041629,Hexo2,3,3,3,0,0,100.0
FBgn0038922,Idh3b,7,7,7,0,0,100.0
FBgn0031739,CG14005,3,3,3,0,0,100.0
FBgn0034013,unc-5,7,7,7,0,0,100.0
FBgn0266918,CG32486,4,4,4,0,0,100.0
FBgn0032919,CG9253,6,6,6,0,0,100.0
FBgn0001250,if,30,30,30,0,0,100.0
FBgn0039008,CG6972,3,3,3,0,0,100.0
FBgn0023508,Ocrl,7,7,7,0,0,100.0
FBgn0040358,,5,0,0,0,0,
FBgn0263929,jvl,4,4,4,0,0,100.0
FBgn0051866,Ada1-2,6,6,6,0,0,100.0
FBgn0035772,Sh3beta,16,16,16,0,0,100.0
FBgn0261648,salm,5,5,5,0,0,100.0
FBgn0028552,gammaSnap1,4,4,4,0,0,100.0
FBgn0261461,RhoGAP18B,9,9,9,0,0,100.0
FBgn0260400,elav,2,2,2,0,0,100.0
FBgn0014007,Ptp69D,6,6,6,0,0,100.0
FBgn0000489,Pka-C3,72,72,72,0,0,100.0
FBgn0005617,msl-1,6,6,6,0,0,100.0
FBgn0036494,Toll-6,4,4,4,0,0,100.0
FBgn0001138,grn,19,19,19,0,0,100.0
FBgn0039589,CG9986,8,8,8,0,0,100.0
FBgn0037913,fabp,25,25,25,0,0,100.0
FBgn0039039,lmd,4,4,4,0,0,100.0
FBgn0021800,Reph,3,3,3,0,0,100.0
FBgn0008646,E5,19,19,19,0,0,100.0
FBgn0025642,CG32812,7,7,7,0,0,100.0
FBgn0032454,CG5787,2,1,1,0,0,100.0
FBgn0030247,CG15208,2,2,2,0,0,100.0
FBgn0038986,sit,5,5,5,0,0,100.0
FBgn0001142,Gs1,2,2,2,0,0,100.0
FBgn0043458,CG12084,3,3,3,0,0,100.0
FBgn0038989,CG6937,15,15,15,0,0,100.0
FBgn0035539,slow,5,5,5,0,0,100.0
FBgn0000274,Pka-C2,50,50,50,0,0,100.0
FBgn0001215,Hrb98DE,8,8,8,0,0,100.0
FBgn0031850,Tsp,2,2,2,0,0,100.0
FBgn0039792,CG2267,2,2,2,0,0,100.0
FBgn0003448,sna,15,15,15,0,0,100.0
FBgn0003295,ru,3,3,3,0,0,100.0
FBgn0037317,CG14667,2,2,2,0,0,100.0
FBgn0260401,MED9,2,2,2,0,0,100.0
FBgn0015316,Try29F,6,6,6,0,0,100.0
FBgn0054049,CG34049,2,2,2,0,0,100.0
FBgn0260642,Antp,25,25,25,0,0,100.0
FBgn0037445,CG9727,2,2,2,0,0,100.0
FBgn0264560,garz,2,2,2,0,0,100.0
FBgn0032303,CG6508,4,4,4,0,0,100.0
FBgn0267486,Ptp36E,3,3,3,0,0,100.0
FBgn0063496,GstE4,33,33,33,0,0,100.0
FBgn0032876,Cen,7,7,7,0,0,100.0
FBgn0001217,Hsc70-2,11,11,11,0,0,100.0
FBgn0035534,mRpS6,11,11,11,0,0,100.0
FBgn0004618,gl,3,3,3,0,0,100.0
FBgn0028490,CG31705,2,2,2,0,0,100.0
FBgn0051163,SKIP,6,6,6,0,0,100.0
FBgn0034135,Syn2,5,5,5,0,0,100.0
FBgn0016701,Rab4,5,5,5,0,0,100.0
FBgn0036479,CG13458,12,10,10,0,0,100.0
FBgn0284221,Sema5c,3,3,3,0,0,100.0
FBgn0014006,Ask1,8,8,8,0,0,100.0
FBgn0011227,ox,6,6,6,0,0,100.0
FBgn0013755,Bro,3,3,3,0,0,100.0
FBgn0031050,Arp10,5,5,5,0,0,100.0
FBgn0035153,ebd1,3,3,3,0,0,100.0
FBgn0036192,Pldn,9,9,9,0,0,100.0
FBgn0051973,Cda5,3,3,3,0,0,100.0
FBgn0040228,DCTN5-p25,4,3,3,0,0,100.0
FBgn0051624,CG31624,6,6,6,0,0,100.0
FBgn0260789,mxc,5,5,5,0,0,100.0
FBgn0031296,CG4415,9,9,9,0,0,100.0
FBgn0003567,su(Hw),8,8,8,0,0,100.0
FBgn0050147,Hil,3,3,3,0,0,100.0
FBgn0259923,Sep4,7,7,7,0,0,100.0
FBgn0085421,Epac,3,3,3,0,0,100.0
FBgn0039204,CG6607,10,10,10,0,0,100.0
FBgn0039735,Nph,10,10,10,0,0,100.0
FBgn0040371,CG12470,39,37,37,0,0,100.0
FBgn0030788,Sap30,4,3,3,0,0,100.0
FBgn0010217,ATPsynbeta,6,6,6,0,0,100.0
FBgn0264291,Det,2,2,2,0,0,100.0
FBgn0015765,p38a,42,42,42,0,0,100.0
FBgn0037644,CG11964,2,2,2,0,0,100.0
FBgn0039777,Jon99Fii,2,1,1,0,0,100.0
FBgn0037710,CG9393,2,2,2,0,0,100.0
FBgn0038469,CG4009,3,3,3,0,0,100.0
FBgn0019928,Ser8,18,18,18,0,0,100.0
FBgn0261238,Alh,3,3,3,0,0,100.0
FBgn0031256,shv,6,6,6,0,0,100.0
FBgn0051217,modSP,3,3,3,0,0,100.0
FBgn0003285,rst,6,6,6,0,0,100.0
FBgn0032345,CG14921,2,2,2,0,0,100.0
FBgn0033529,CG17765,5,5,5,0,0,100.0
FBgn0003091,Pkc53E,47,47,47,0,0,100.0
FBgn0039229,Saf-B,4,4,4,0,0,100.0
FBgn0261703,gce,14,14,14,0,0,100.0
FBgn0284421,Psn,5,5,5,0,0,100.0
FBgn0032242,CG5355,13,13,13,0,0,100.0
FBgn0010315,CycD,14,14,14,0,0,100.0
FBgn0036621,roq,3,3,3,0,0,100.0
FBgn0033574,Spn47C,4,4,4,0,0,100.0
FBgn0001276,ix,10,10,10,0,0,100.0
FBgn0029123,SoxN,24,24,24,0,0,100.0
FBgn0010292,bys,4,4,4,0,0,100.0
FBgn0020272,mst,4,4,4,0,0,100.0
FBgn0262866,S6kII,41,41,41,0,0,100.0
FBgn0003300,run,11,11,11,0,0,100.0
FBgn0086372,lap,8,8,8,0,0,100.0
FBgn0260456,CG4806,11,11,11,0,0,100.0
FBgn0259878,Fs,2,2,2,0,0,100.0
FBgn0036428,Gbs-70E,8,8,8,0,0,100.0
FBgn0051111,CG31111,3,3,3,0,0,100.0
FBgn0040230,dbo,4,4,4,0,0,100.0
FBgn0039688,Kul,7,7,7,0,0,100.0
FBgn0031749,CG14000,3,3,3,0,0,100.0
FBgn0037027,HIPP1,5,5,5,0,0,100.0
FBgn0034651,CG15676,14,14,14,0,0,100.0
FBgn0031534,Snx1,4,4,4,0,0,100.0
FBgn0259483,Mob4,9,9,9,0,0,100.0
FBgn0033566,CG18004,7,7,7,0,0,100.0
FBgn0044324,Chro,14,14,14,0,0,100.0
FBgn0040060,yip7,2,2,2,0,0,100.0
FBgn0029888,ND-ASHI,4,4,4,0,0,100.0
FBgn0053532,lectin-37Da,3,3,3,0,0,100.0
FBgn0037677,CG12951,6,6,6,0,0,100.0
FBgn0031306,CG4577,2,2,2,0,0,100.0
FBgn0051719,RluA-1,3,3,3,0,0,100.0
FBgn0031442,Prosbeta4R1,3,3,3,0,0,100.0
FBgn0030951,CG6873,2,2,2,0,0,100.0
FBgn0039558,BCAS2,10,10,10,0,0,100.0
FBgn0033122,CG17002,13,13,13,0,0,100.0
FBgn0034031,CG12963,3,3,3,0,0,100.0
FBgn0038494,beat-IIb,2,2,2,0,0,100.0
FBgn0051860,ZnT33D,2,2,2,0,0,100.0
FBgn0261283,SREBP,5,5,5,0,0,100.0
FBgn0001986,Mtr4,11,11,11,0,0,100.0
FBgn0033902,eIF3m,9,9,9,0,0,100.0
FBgn0003380,Sh,2,2,2,0,0,100.0
FBgn0034361,mRpS28,6,6,6,0,0,100.0
FBgn0267790,rump,4,4,4,0,0,100.0
FBgn0031652,jet,4,4,4,0,0,100.0
FBgn0004908,Arl2,8,8,8,0,0,100.0
FBgn0015622,Cnx99A,8,8,8,0,0,100.0
FBgn0004635,rho,7,7,7,0,0,100.0
FBgn0011297,Alg3,2,2,2,0,0,100.0
FBgn0039929,CG11076,3,3,3,0,0,100.0
FBgn0002932,neur,4,4,4,0,0,100.0
FBgn0032730,CG10431,2,2,2,0,0,100.0
FBgn0032635,CG15141,3,3,3,0,0,100.0
FBgn0032935,Atg18b,8,8,8,0,0,100.0
FBgn0015509,Cul1,28,28,28,0,0,100.0
FBgn0063498,GstE2,32,32,32,0,0,100.0
FBgn0046689,Takl1,10,10,10,0,0,100.0
FBgn0003459,stwl,3,3,3,0,0,100.0
FBgn0261456,hpo,57,57,57,0,0,100.0
FBgn0052406,PVRAP,2,2,2,0,0,100.0
FBgn0034740,nsr,4,4,4,0,0,100.0
FBgn0010453,Wnt4,9,9,9,0,0,100.0
FBgn0035550,CG11349,5,4,4,0,0,100.0
FBgn0086447,l(2)37Cg,2,2,2,0,0,100.0
FBgn0029976,snz,2,2,2,0,0,100.0
FBgn0003655,swa,2,2,2,0,0,100.0
FBgn0039742,CG15528,9,9,9,0,0,100.0
FBgn0086758,chinmo,4,4,4,0,0,100.0
FBgn0285943,knon,2,2,2,0,0,100.0
FBgn0261109,mrn,2,2,2,0,0,100.0
FBgn0014380,RhoL,4,4,4,0,0,100.0
FBgn0034118,Nup62,8,8,8,0,0,100.0
FBgn0264816,koko,3,3,3,0,0,100.0
FBgn0004838,Hrb27C,6,6,6,0,0,100.0
FBgn0010044,GstD8,30,30,30,0,0,100.0
FBgn0004372,aly,4,4,4,0,0,100.0
FBgn0034051,Mlf,8,8,8,0,0,100.0
FBgn0037993,dpr15,2,2,2,0,0,100.0
FBgn0261560,Thor,11,11,11,0,0,100.0
FBgn0003742,tra2,2,2,2,0,0,100.0
FBgn0023129,aay,4,4,4,0,0,100.0
FBgn0011300,babo,52,52,52,0,0,100.0
FBgn0038311,CG14864,4,4,4,0,0,100.0
FBgn0034564,CG9344,12,12,12,0,0,100.0
FBgn0037583,CG9684,11,11,11,0,0,100.0
FBgn0034281,CG14490,4,4,4,0,0,100.0
FBgn0037377,CG1218,4,4,4,0,0,100.0
FBgn0020906,Jon25Bi,2,2,2,0,0,100.0
FBgn0030327,FucT6,3,3,3,0,0,100.0
FBgn0003892,ptc,6,6,6,0,0,100.0
FBgn0003270,amos,5,5,5,0,0,100.0
FBgn0034534,maf-S,11,11,11,0,0,100.0
FBgn0036237,viaf,2,2,2,0,0,100.0
FBgn0038984,AdipoR,2,2,2,0,0,100.0
FBgn0034684,CG13501,5,5,5,0,0,100.0
FBgn0025632,CG4313,2,2,2,0,0,100.0
FBgn0000394,cv,5,5,5,0,0,100.0
FBgn0030365,Tango4,10,10,10,0,0,100.0
FBgn0045073,Stim,36,36,36,0,0,100.0
FBgn0259823,CG42404,2,2,2,0,0,100.0
FBgn0028484,Ack,16,16,16,0,0,100.0
FBgn0035504,Teh4,4,4,4,0,0,100.0
FBgn0000157,Dll,19,19,19,0,0,100.0
FBgn0031848,Nse1,2,2,2,0,0,100.0
FBgn0028969,deltaCOP,8,8,8,0,0,100.0
FBgn0037384,dgrn,18,18,18,0,0,100.0
FBgn0030616,RpL37a,12,12,12,0,0,100.0
FBgn0033873,CG6337,3,3,3,0,0,100.0
FBgn0000606,eve,5,5,5,0,0,100.0
FBgn0011648,Mad,44,44,44,0,0,100.0
FBgn0261596,RpS24,17,17,17,0,0,100.0
FBgn0050025,CG30025,8,8,8,0,0,100.0
FBgn0051954,CG31954,13,13,13,0,0,100.0
FBgn0038925,Cchl,2,2,2,0,0,100.0
FBgn0030657,cerv,2,2,2,0,0,100.0
FBgn0035336,CG9004,2,2,2,0,0,100.0
FBgn0035627,Sse,3,3,3,0,0,100.0
FBgn0030529,Clic,19,19,19,0,0,100.0
FBgn0000250,cact,25,25,25,0,0,100.0
FBgn0002633,E(spl)m7-HLH,23,22,22,0,0,100.0
FBgn0261714,Cpn,4,3,3,0,0,100.0
FBgn0034335,GstE1,30,30,30,0,0,100.0
FBgn0039779,PH4alphaSG2,20,20,20,0,0,100.0
FBgn0259794,sinah,27,27,27,0,0,100.0
FBgn0027291,Idh3a,12,12,12,0,0,100.0
FBgn0035578,CG13707,2,2,2,0,0,100.0
FBgn0038961,CG13850,8,8,8,0,0,100.0
FBgn0030801,Rcp,3,3,3,0,0,100.0
FBgn0033174,CG11125,2,2,2,0,0,100.0
FBgn0052791,DIP-alpha,2,2,2,0,0,100.0
FBgn0022959,yps,13,13,13,0,0,100.0
FBgn0034962,MAN1,3,3,3,0,0,100.0
FBgn0033893,CG18371,3,3,3,0,0,100.0
FBgn0003044,Pcl,10,10,10,0,0,100.0
FBgn0033921,tej,3,3,3,0,0,100.0
FBgn0011586,e(r),12,12,12,0,0,100.0
FBgn0034853,Ice1,3,3,3,0,0,100.0
FBgn0039609,Nepl17,4,4,4,0,0,100.0
FBgn0031420,Atxn7,7,7,7,0,0,100.0
FBgn0037753,CG12947,2,2,2,0,0,100.0
FBgn0036094,,2,0,0,0,0,
FBgn0285963,CG46339,4,4,4,0,0,100.0
FBgn0263235,Phae2,5,5,5,0,0,100.0
FBgn0053276,Urm1,3,3,3,0,0,100.0
FBgn0259791,bora,3,3,3,0,0,100.0
FBgn0050021,metro,4,4,4,0,0,100.0
FBgn0029662,CG12206,3,3,3,0,0,100.0
FBgn0030530,jub,13,13,13,0,0,100.0
FBgn0000346,comt,2,2,2,0,0,100.0
FBgn0035149,MED30,18,18,18,0,0,100.0
FBgn0036004,Jarid2,3,3,3,0,0,100.0
FBgn0032677,CG5790,3,3,3,0,0,100.0
FBgn0003511,Sry-beta,4,4,4,0,0,100.0
FBgn0004368,Ptp4E,9,9,9,0,0,100.0
FBgn0004597,CycC,12,12,12,0,0,100.0
FBgn0035996,CG3448,2,2,2,0,0,100.0
FBgn0032763,CG17568,5,5,5,0,0,100.0
FBgn0004395,unk,5,5,5,0,0,100.0
FBgn0261881,l(2)35Be,2,2,2,0,0,100.0
FBgn0050463,Pgant9,16,16,16,0,0,100.0
FBgn0016123,Alp4,12,12,12,0,0,100.0
FBgn0039183,Dis3,9,9,9,0,0,100.0
FBgn0036327,CG10748,5,5,5,0,0,100.0
FBgn0024251,bbx,4,4,4,0,0,100.0
FBgn0010040,GstD4,32,32,32,0,0,100.0
FBgn0033185,CG1603,6,6,6,0,0,100.0
FBgn0052944,CG32944,2,2,2,0,0,100.0
FBgn0003889,betaTub85D,4,4,4,0,0,100.0
FBgn0264962,Pcf11,3,3,3,0,0,100.0
FBgn0020249,stck,5,4,4,0,0,100.0
FBgn0034585,Rbpn-5,6,6,6,0,0,100.0
FBgn0285910,VhaAC39-1,4,4,4,0,0,100.0
FBgn0027592,MED15,21,21,21,0,0,100.0
FBgn0266674,Sec15,9,9,9,0,0,100.0
FBgn0037550,CG9667,10,10,10,0,0,100.0
FBgn0025739,pon,4,4,4,0,0,100.0
FBgn0033266,Socs44A,3,3,3,0,0,100.0
FBgn0053469,CG33469,2,2,2,0,0,100.0
FBgn0034728,rad50,4,4,4,0,0,100.0
FBgn0039635,Pdhb,6,6,6,0,0,100.0
FBgn0031608,CG15435,3,3,3,0,0,100.0
FBgn0041191,Rheb,6,6,6,0,0,100.0
FBgn0032444,CCT4,8,8,8,0,0,100.0
FBgn0025740,PlexB,13,13,13,0,0,100.0
FBgn0003502,Btk29A,30,30,30,0,0,100.0
FBgn0053825,His1:CG33825,2,2,2,0,0,100.0
FBgn0036274,CG4328,10,10,10,0,0,100.0
FBgn0035811,Mcad,3,3,3,0,0,100.0
FBgn0032456,MRP,2,2,2,0,0,100.0
FBgn0037153,olf413,2,2,2,0,0,100.0
FBgn0014343,mirr,4,4,4,0,0,100.0
FBgn0030778,CG4678,2,2,2,0,0,100.0
FBgn0039385,CG5913,3,3,3,0,0,100.0
FBgn0035779,CG8562,3,3,3,0,0,100.0
FBgn0263773,fok,4,4,4,0,0,100.0
FBgn0050461,CG30461,2,2,2,0,0,100.0
FBgn0051357,CG31357,8,8,8,0,0,100.0
FBgn0039691,IntS11,5,5,5,0,0,100.0
FBgn0031939,CG13796,5,5,5,0,0,100.0
FBgn0024921,Tnpo,4,4,4,0,0,100.0
FBgn0052105,Lmx1a,8,8,8,0,0,100.0
FBgn0000115,Arl1,6,6,6,0,0,100.0
FBgn0053105,p24-2,3,3,3,0,0,100.0
FBgn0028509,CenG1A,3,3,3,0,0,100.0
FBgn0021906,RFeSP,4,4,4,0,0,100.0
FBgn0029854,CG3566,3,3,3,0,0,100.0
FBgn0037556,CG9636,3,3,3,0,0,100.0
FBgn0002872,mu2,3,3,3,0,0,100.0
FBgn0038901,Burs,2,2,2,0,0,100.0
FBgn0086655,jing,5,5,5,0,0,100.0
FBgn0264089,sli,5,5,5,0,0,100.0
FBgn0033584,CG7737,8,8,8,0,0,100.0
FBgn0030274,Lint-1,4,4,4,0,0,100.0
FBgn0261983,l(2)gd1,3,3,3,0,0,100.0
FBgn0026433,Grip128,7,7,7,0,0,100.0
FBgn0035257,CG12011,2,2,2,0,0,100.0
FBgn0035337,CG15877,7,7,7,0,0,100.0
FBgn0040290,RecQ4,2,2,2,0,0,100.0
FBgn0085478,Zdhhc8,4,4,4,0,0,100.0
FBgn0038294,Mf,7,7,7,0,0,100.0
FBgn0263199,Galk,3,3,3,0,0,100.0
FBgn0003884,alphaTub84B,14,14,14,0,0,100.0
FBgn0039937,fd102C,20,20,20,0,0,100.0
FBgn0285925,Fas1,2,2,2,0,0,100.0
FBgn0034577,cpa,5,5,5,0,0,100.0
FBgn0261565,Lmpt,3,3,3,0,0,100.0
FBgn0003278,RpI135,2,2,2,0,0,100.0
FBgn0002962,nos,8,8,8,0,0,100.0
FBgn0036000,CG3434,4,4,4,0,0,100.0
FBgn0052677,X11Lbeta,3,3,3,0,0,100.0
FBgn0023170,RpL39,10,10,10,0,0,100.0
FBgn0050031,CG30031,7,7,7,0,0,100.0
FBgn0039159,mRpS24,7,7,7,0,0,100.0
FBgn0027617,,2,0,0,0,0,
FBgn0287423,Nplp2,3,3,3,0,0,100.0
FBgn0034623,CG9822,7,7,7,0,0,100.0
FBgn0040368,eIF4E7,7,6,6,0,0,100.0
FBgn0025680,cry,6,6,6,0,0,100.0
FBgn0016975,stnB,3,3,3,0,0,100.0
FBgn0051450,mRpS18A,2,2,2,0,0,100.0
FBgn0039023,Nepl14,12,12,12,0,0,100.0
FBgn0010042,GstD6,30,30,30,0,0,100.0
FBgn0024189,sns,4,4,4,0,0,100.0
FBgn0020908,Scp1,2,2,2,0,0,100.0
FBgn0011708,Syx5,19,19,19,0,0,100.0
FBgn0010431,mtrm,3,3,3,0,0,100.0
FBgn0264005,Hmx,4,4,4,0,0,100.0
FBgn0035734,CG14823,2,2,2,0,0,100.0
FBgn0039909,ND-49,2,2,2,0,0,100.0
FBgn0053310,CG33310,7,7,7,0,0,100.0
FBgn0029882,CG3226,6,6,6,0,0,100.0
FBgn0033362,CG8172,19,19,19,0,0,100.0
FBgn0086446,DCTN6-p27,4,3,3,0,0,100.0
FBgn0037619,CG8159,15,15,15,0,0,100.0
FBgn0039129,RpS19b,6,6,6,0,0,100.0
FBgn0259245,DIP-beta,8,8,8,0,0,100.0
FBgn0032407,Pex19,5,5,5,0,0,100.0
FBgn0035965,Use1,16,16,16,0,0,100.0
FBgn0015544,spag,9,9,9,0,0,100.0
FBgn0003475,spir,9,9,9,0,0,100.0
FBgn0011291,Taf11,6,6,6,0,0,100.0
FBgn0001961,Arpc1,4,4,4,0,0,100.0
FBgn0036416,CG7924,3,3,3,0,0,100.0
FBgn0027532,CG7139,3,3,3,0,0,100.0
FBgn0038046,CG5641,5,5,5,0,0,100.0
FBgn0011582,Dop1R1,2,2,2,0,0,100.0
FBgn0038391,GATAe,13,13,13,0,0,100.0
FBgn0040285,Scamp,3,3,3,0,0,100.0
FBgn0037440,CRAT,3,3,3,0,0,100.0
FBgn0037538,CG3223,2,2,2,0,0,100.0
FBgn0030900,Him,2,2,2,0,0,100.0
FBgn0036263,thoc6,2,2,2,0,0,100.0
FBgn0015520,nonA-l,2,2,2,0,0,100.0
FBgn0032202,REPTOR-BP,15,15,15,0,0,100.0
FBgn0014179,gcm,4,4,4,0,0,100.0
FBgn0024291,Sirt1,36,36,36,0,0,100.0
FBgn0033713,CG8841,4,4,4,0,0,100.0
FBgn0010317,CycJ,11,11,11,0,0,100.0
FBgn0022349,CG1910,22,22,22,0,0,100.0
FBgn0000442,Pkg21D,2,2,2,0,0,100.0
FBgn0000392,cup,19,19,19,0,0,100.0
FBgn0026432,Grip163,6,6,6,0,0,100.0
FBgn0036005,pall,2,2,2,0,0,100.0
FBgn0030506,DNAlig4,4,4,4,0,0,100.0
FBgn0002941,slou,2,2,2,0,0,100.0
FBgn0035952,CG5280,2,1,1,0,0,100.0
FBgn0085468,ND-MWFE,3,3,3,0,0,100.0
FBgn0037265,spartin,3,3,3,0,0,100.0
FBgn0283467,Pol32,3,3,3,0,0,100.0
FBgn0011294,a5,3,3,3,0,0,100.0
FBgn0025838,CG2652,3,3,3,0,0,100.0
FBgn0035309,CG15879,3,3,3,0,0,100.0
FBgn0015075,Ddx1,2,2,2,0,0,100.0
FBgn0004620,GluRIIA,4,4,4,0,0,100.0
FBgn0051632,sens-2,3,3,3,0,0,100.0
FBgn0036789,AstC-R2,2,2,2,0,0,100.0
FBgn0037240,Cont,4,4,4,0,0,100.0
FBgn0038815,CG5466,4,4,4,0,0,100.0
FBgn0036990,mRpL15,9,9,9,0,0,100.0
FBgn0263006,SERCA,2,2,2,0,0,100.0
FBgn0063491,GstE9,31,31,31,0,0,100.0
FBgn0039875,sip3,3,3,3,0,0,100.0
FBgn0086856,CG11555,2,1,1,0,0,100.0
FBgn0032509,CG6523,6,6,6,0,0,100.0
FBgn0033166,Eaf,10,9,9,0,0,100.0
FBgn0052191,CG32191,2,2,2,0,0,100.0
FBgn0029687,Vap33,40,40,40,0,0,100.0
FBgn0015777,nrv2,8,8,8,0,0,100.0
FBgn0020370,TppII,4,4,4,0,0,100.0
FBgn0263705,Myo10A,2,2,2,0,0,100.0
FBgn0038948,PSR,9,9,9,0,0,100.0
FBgn0267398,Yeti,2,2,2,0,0,100.0
FBgn0023540,CG3630,2,2,2,0,0,100.0
FBgn0012037,Ance,2,2,2,0,0,100.0
FBgn0032409,Ced-12,6,6,6,0,0,100.0
FBgn0034229,CG4847,3,3,3,0,0,100.0
FBgn0013750,Arf6,17,17,17,0,0,100.0
FBgn0004055,uzip,3,3,3,0,0,100.0
FBgn0262601,SmB,19,19,19,0,0,100.0
FBgn0004629,Cys,6,6,6,0,0,100.0
FBgn0036135,mRpL2,2,2,2,0,0,100.0
FBgn0030010,CG10959,2,2,2,0,0,100.0
FBgn0041150,hoe1,3,3,3,0,0,100.0
FBgn0030686,mRpL3,3,3,3,0,0,100.0
FBgn0035455,CG10862,6,5,5,0,0,100.0
FBgn0005558,ey,27,27,27,0,0,100.0
FBgn0033781,CG13319,2,2,2,0,0,100.0
FBgn0005614,trpl,3,3,3,0,0,100.0
FBgn0015019,CCT3,9,9,9,0,0,100.0
FBgn0039554,CG5003,4,4,4,0,0,100.0
FBgn0031398,daed,3,3,3,0,0,100.0
FBgn0026085,dgt4,7,7,7,0,0,100.0
FBgn0025936,Eph,70,70,70,0,0,100.0
FBgn0037199,EMC4,5,5,5,0,0,100.0
FBgn0051016,CG31016,20,20,20,0,0,100.0
FBgn0003301,rut,2,2,2,0,0,100.0
FBgn0000038,nAChRbeta1,7,7,7,0,0,100.0
FBgn0262357,CG43055,4,4,4,0,0,100.0
FBgn0031746,CG9029,2,2,2,0,0,100.0
FBgn0037761,CG8534,2,2,2,0,0,100.0
FBgn0040078,pont,4,4,4,0,0,100.0
FBgn0016660,H15,4,4,4,0,0,100.0
FBgn0030623,PPYR1,5,5,5,0,0,100.0
FBgn0040823,dpr6,8,8,8,0,0,100.0
FBgn0028836,CSN7,8,8,8,0,0,100.0
FBgn0010411,RpS18,13,13,13,0,0,100.0
FBgn0033770,wuc,2,2,2,0,0,100.0
FBgn0029176,eEF1gamma,6,6,6,0,0,100.0
FBgn0032221,Schip1,3,3,3,0,0,100.0
FBgn0011335,vers,5,5,5,0,0,100.0
FBgn0023213,eIF4G1,8,8,8,0,0,100.0
FBgn0031100,CG1504,2,2,2,0,0,100.0
FBgn0029958,Pdp,8,8,8,0,0,100.0
FBgn0039348,Npl4,8,8,8,0,0,100.0
FBgn0032744,Ttc19,2,2,2,0,0,100.0
FBgn0017566,ND-75,13,13,13,0,0,100.0
FBgn0028369,kirre,4,4,4,0,0,100.0
FBgn0039303,CG11857,6,6,6,0,0,100.0
FBgn0034403,CG18190,2,2,2,0,0,100.0
FBgn0262116,RNASEK,8,8,8,0,0,100.0
FBgn0038213,CG9624,3,3,3,0,0,100.0
FBgn0260856,Membrin,9,9,9,0,0,100.0
FBgn0036439,CG13474,4,4,4,0,0,100.0
FBgn0039509,bigmax,3,3,3,0,0,100.0
FBgn0000043,Act42A,18,18,18,0,0,100.0
FBgn0039592,CG14062,2,2,2,0,0,100.0
FBgn0037910,CG14708,4,4,4,0,0,100.0
FBgn0027525,LTV1,4,4,4,0,0,100.0
FBgn0085374,CG34345,20,20,20,0,0,100.0
FBgn0003028,ovo,5,5,5,0,0,100.0
FBgn0264751,Vti1b,22,22,22,0,0,100.0
FBgn0003733,tor,7,7,7,0,0,100.0
FBgn0035471,Sc2,5,5,5,0,0,100.0
FBgn0030711,Rrp47,3,3,3,0,0,100.0
FBgn0036397,Nprl3,6,6,6,0,0,100.0
FBgn0015828,TfIIEalpha,5,5,5,0,0,100.0
FBgn0034402,CG15084,2,2,2,0,0,100.0
FBgn0032618,CG31743,4,4,4,0,0,100.0
FBgn0016696,Pitslre,12,12,12,0,0,100.0
FBgn0032871,CG2611,4,4,4,0,0,100.0
FBgn0013275,Hsp70Aa,30,29,29,0,0,100.0
FBgn0004463,RpIII128,2,2,2,0,0,100.0
FBgn0039731,Sas-6,8,7,7,0,0,100.0
FBgn0025741,PlexA,21,21,21,0,0,100.0
FBgn0031873,Gas41,5,5,5,0,0,100.0
FBgn0000078,Amy-d,2,2,2,0,0,100.0
FBgn0035777,CG8563,3,3,3,0,0,100.0
FBgn0082582,tmod,2,2,2,0,0,100.0
FBgn0010194,Wnt5,13,13,13,0,0,100.0
FBgn0038063,Octbeta2R,13,13,13,0,0,100.0
FBgn0023177,Pp4-19C,40,40,40,0,0,100.0
FBgn0027524,CG3909,7,7,7,0,0,100.0
FBgn0037765,CG9458,3,3,3,0,0,100.0
FBgn0032295,CG12299,2,2,2,0,0,100.0
FBgn0283499,InR,29,29,29,0,0,100.0
FBgn0002773,Mlc2,9,9,9,0,0,100.0
FBgn0052425,CG32425,2,2,2,0,0,100.0
FBgn0262790,CG43171,5,5,5,0,0,100.0
FBgn0027490,D12,11,11,11,0,0,100.0
FBgn0032127,CG13114,8,6,6,0,0,100.0
FBgn0025879,Timp,4,4,4,0,0,100.0
FBgn0001128,Gpdh1,2,2,2,0,0,100.0
FBgn0039944,CG17162,16,16,16,0,0,100.0
FBgn0039602,CG1647,3,3,3,0,0,100.0
FBgn0038765,CG4424,2,2,2,0,0,100.0
FBgn0031972,Wwox,4,4,4,0,0,100.0
FBgn0020304,drongo,4,4,4,0,0,100.0
FBgn0035626,lin-28,12,12,12,0,0,100.0
FBgn0052726,CG32726,3,3,3,0,0,100.0
FBgn0034538,CG16799,8,8,8,0,0,100.0
FBgn0002842,sa,2,2,2,0,0,100.0
FBgn0030878,CG6769,2,2,2,0,0,100.0
FBgn0029833,MCTS1,2,2,2,0,0,100.0
FBgn0039773,CG2224,5,5,5,0,0,100.0
FBgn0003701,thr,3,3,3,0,0,100.0
FBgn0058002,ND-AGGG,7,7,7,0,0,100.0
FBgn0039659,CG14506,3,3,3,0,0,100.0
FBgn0034821,CG9876,2,2,2,0,0,100.0
FBgn0044452,Atg2,5,5,5,0,0,100.0
FBgn0032034,Rcd4,2,2,2,0,0,100.0
FBgn0030926,psh,3,3,3,0,0,100.0
FBgn0038690,CG11703,13,13,13,0,0,100.0
FBgn0051681,CG31681,2,2,2,0,0,100.0
FBgn0030344,Nrd1,7,7,7,0,0,100.0
FBgn0030057,Ppt1,2,2,2,0,0,100.0
FBgn0033000,CG14464,2,2,2,0,0,100.0
FBgn0261976,Psf2,5,5,5,0,0,100.0
FBgn0039395,CG14546,6,6,6,0,0,100.0
FBgn0011606,Klp3A,2,2,2,0,0,100.0
FBgn0017430,Nelf-E,5,5,5,0,0,100.0
FBgn0034704,CG6758,2,2,2,0,0,100.0
FBgn0028667,Vha16-3,2,2,2,0,0,100.0
FBgn0261266,zuc,10,10,10,0,0,100.0
FBgn0000276,CecA1,3,3,3,0,0,100.0
FBgn0030479,Rbp1-like,4,4,4,0,0,100.0
FBgn0086357,Sec61alpha,6,6,6,0,0,100.0
FBgn0030484,GstT4,16,16,16,0,0,100.0
FBgn0038065,Snx3,6,6,6,0,0,100.0
FBgn0031740,CG7239,3,3,3,0,0,100.0
FBgn0266582,ND-30,7,7,7,0,0,100.0
FBgn0037860,CG6629,4,4,4,0,0,100.0
FBgn0038146,CG9799,2,2,2,0,0,100.0
FBgn0002283,l(3)73Ah,4,4,4,0,0,100.0
FBgn0035853,UbcE2M,4,4,4,0,0,100.0
FBgn0034645,ND-B12,4,4,4,0,0,100.0
FBgn0036818,CG14074,7,7,7,0,0,100.0
FBgn0025630,Rtca,2,2,2,0,0,100.0
FBgn0035461,ntc,5,5,5,0,0,100.0
FBgn0041205,key,17,17,17,0,0,100.0
FBgn0039358,CG5028,5,5,5,0,0,100.0
FBgn0026378,Rep,4,4,4,0,0,100.0
FBgn0019972,Drice,4,4,4,0,0,100.0
FBgn0283510,Pal1,4,4,4,0,0,100.0
FBgn0015245,Hsp60A,4,4,4,0,0,100.0
FBgn0039217,CG13627,3,3,3,0,0,100.0
FBgn0052069,CG32069,2,2,2,0,0,100.0
FBgn0004101,bs,6,6,6,0,0,100.0
FBgn0034160,CG5550,5,5,5,0,0,100.0
FBgn0031062,CG14230,4,4,4,0,0,100.0
FBgn0038550,CG17801,3,3,3,0,0,100.0
FBgn0001078,ftz-f1,15,15,15,0,0,100.0
FBgn0051802,CG31802,3,3,3,0,0,100.0
FBgn0038274,Nup93-2,2,2,2,0,0,100.0
FBgn0051708,DIP-zeta,11,11,11,0,0,100.0
FBgn0031047,Rcd-1,4,4,4,0,0,100.0
FBgn0266711,EloC,11,11,11,0,0,100.0
FBgn0014949,btn,15,15,15,0,0,100.0
FBgn0037884,Arfip,2,2,2,0,0,100.0
FBgn0031145,Ntf-2,11,11,11,0,0,100.0
FBgn0001147,gsb-n,7,7,7,0,0,100.0
FBgn0011763,Dp,20,20,20,0,0,100.0
FBgn0026059,Mhcl,2,2,2,0,0,100.0
FBgn0028425,JhI-21,2,2,2,0,0,100.0
FBgn0031902,Wnt6,3,3,3,0,0,100.0
FBgn0004107,Cdk2,66,66,66,0,0,100.0
FBgn0030695,PGRP-LE,32,32,32,0,0,100.0
FBgn0000114,bru1,6,6,6,0,0,100.0
FBgn0035401,Alg2,2,2,2,0,0,100.0
FBgn0051053,nenya,3,3,3,0,0,100.0
FBgn0034523,Nnf1a,8,8,8,0,0,100.0
FBgn0035260,CG7991,2,2,2,0,0,100.0
FBgn0000108,Appl,98,98,98,0,0,100.0
FBgn0032348,CG4751,2,2,2,0,0,100.0
FBgn0261019,moi,2,2,2,0,0,100.0
FBgn0043002,Chrac-14,7,7,7,0,0,100.0
FBgn0263852,Dad1,3,3,3,0,0,100.0
FBgn0003507,srp,7,6,6,0,0,100.0
FBgn0013435,Cdc2rk,13,13,13,0,0,100.0
FBgn0041706,CG3253,7,7,7,0,0,100.0
FBgn0051992,gw,7,7,7,0,0,100.0
FBgn0015371,chn,2,2,2,0,0,100.0
FBgn0031149,Stt3A,2,2,2,0,0,100.0
FBgn0037134,CG7407,5,5,5,0,0,100.0
FBgn0026679,IntS4,3,3,3,0,0,100.0
FBgn0002787,Rpn8,6,6,6,0,0,100.0
FBgn0259896,NimC1,2,2,2,0,0,100.0
FBgn0010198,RpS15Aa,13,13,13,0,0,100.0
FBgn0039908,Asator,5,5,5,0,0,100.0
FBgn0026144,CBP,2,2,2,0,0,100.0
FBgn0003256,rl,108,108,108,0,0,100.0
FBgn0038577,CG12321,2,2,2,0,0,100.0
FBgn0036771,Wdr92,8,8,8,0,0,100.0
FBgn0038597,CG8064,4,4,4,0,0,100.0
FBgn0039555,mRpS22,11,11,11,0,0,100.0
FBgn0013279,Hsp70Bc,14,14,14,0,0,100.0
FBgn0029082,,2,0,0,0,0,
FBgn0036282,Smyd4-2,3,3,3,0,0,100.0
FBgn0083985,CG34149,2,2,2,0,0,100.0
FBgn0020309,crol,4,4,4,0,0,100.0
FBgn0026602,Ady43A,3,3,3,0,0,100.0
FBgn0034986,mRpS17,6,6,6,0,0,100.0
FBgn0038499,Brf,4,4,4,0,0,100.0
FBgn0052418,vito,6,6,6,0,0,100.0
FBgn0035769,CTCF,10,10,10,0,0,100.0
FBgn0044030,mRpS14,9,9,9,0,0,100.0
FBgn0013764,Chi,21,21,21,0,0,100.0
FBgn0058045,CG40045,5,5,5,0,0,100.0
FBgn0019936,RpS20,15,15,15,0,0,100.0
FBgn0024179,wit,29,29,29,0,0,100.0
FBgn0263757,Rpb4,5,5,5,0,0,100.0
FBgn0034158,CG5522,3,3,3,0,0,100.0
FBgn0037911,CG10898,4,4,4,0,0,100.0
FBgn0014869,Pglym78,5,5,5,0,0,100.0
FBgn0035007,CG3492,5,5,5,0,0,100.0
FBgn0264810,Pburs,2,2,2,0,0,100.0
FBgn0035025,uri,12,12,12,0,0,100.0
FBgn0024909,Taf7,6,6,6,0,0,100.0
FBgn0039004,Nup133,3,3,3,0,0,100.0
FBgn0032505,CG16826,2,2,2,0,0,100.0
FBgn0262527,nsl1,10,10,10,0,0,100.0
FBgn0040730,CG15127,4,4,4,0,0,100.0
FBgn0083949,side-III,2,2,2,0,0,100.0
FBgn0085237,CG34208,3,3,3,0,0,100.0
FBgn0004513,Mdr65,2,2,2,0,0,100.0
FBgn0038108,CG7518,3,3,3,0,0,100.0
FBgn0003132,Pp1-13C,43,43,43,0,0,100.0
FBgn0036514,CG12301,2,2,2,0,0,100.0
FBgn0259184,CG42288,4,4,4,0,0,100.0
FBgn0030763,CG9782,2,2,2,0,0,100.0
FBgn0001324,kto,2,2,2,0,0,100.0
FBgn0039830,ATPsynC,3,3,3,0,0,100.0
FBgn0261988,Gprk2,5,5,5,0,0,100.0
FBgn0004865,Eip78C,26,26,26,0,0,100.0
FBgn0033744,Dh44-R2,4,4,4,0,0,100.0
FBgn0021814,Vps28,5,5,5,0,0,100.0
FBgn0039065,Rad60,3,3,3,0,0,100.0
FBgn0039782,CG15539,20,20,20,0,0,100.0
FBgn0028525,c(2)M,2,2,2,0,0,100.0
FBgn0038659,EndoA,2,2,2,0,0,100.0
FBgn0037456,CG1138,2,2,2,0,0,100.0
FBgn0030558,CG1461,2,2,2,0,0,100.0
FBgn0037031,CG11456,2,2,2,0,0,100.0
FBgn0029603,CG14053,2,2,2,0,0,100.0
FBgn0013954,Fkbp12,23,23,23,0,0,100.0
FBgn0051343,CG31343,9,9,9,0,0,100.0
FBgn0010323,Gsc,22,22,22,0,0,100.0
FBgn0085444,mute,3,3,3,0,0,100.0
FBgn0003510,Sry-alpha,10,10,10,0,0,100.0
FBgn0002909,mus312,2,2,2,0,0,100.0
FBgn0031176,whe,4,4,4,0,0,100.0
FBgn0263144,bin3,3,3,3,0,0,100.0
FBgn0029868,ND-B16.6,3,3,3,0,0,100.0
FBgn0031453,Bacc,15,15,15,0,0,100.0
FBgn0283479,Alp1,15,15,15,0,0,100.0
FBgn0003890,betaTub97EF,3,3,3,0,0,100.0
FBgn0037084,Syx6,8,8,8,0,0,100.0
FBgn0033356,CG8229,6,6,6,0,0,100.0
FBgn0261119,Prp19,10,9,9,0,0,100.0
FBgn0032228,CG5367,2,2,2,0,0,100.0
FBgn0011280,Obp19d,3,3,3,0,0,100.0
FBgn0033989,CG7639,2,2,2,0,0,100.0
FBgn0033570,ND-B14,5,5,5,0,0,100.0
FBgn0031886,Nuf2,3,3,3,0,0,100.0
FBgn0035170,dpr20,2,2,2,0,0,100.0
FBgn0037741,CG16908,3,3,3,0,0,100.0
FBgn0025574,Pli,2,2,2,0,0,100.0
FBgn0028700,RfC38,4,4,4,0,0,100.0
FBgn0005777,PpD3,19,19,19,0,0,100.0
FBgn0030716,,3,0,0,0,0,
FBgn0037231,Vps24,3,3,3,0,0,100.0
FBgn0035817,CG7409,6,6,6,0,0,100.0
FBgn0035024,CG11414,8,8,8,0,0,100.0
FBgn0264695,Mhc,8,8,8,0,0,100.0
FBgn0010768,sqz,4,4,4,0,0,100.0
FBgn0033222,CG12824,4,4,4,0,0,100.0
FBgn0001134,Grd,4,4,4,0,0,100.0
FBgn0031020,Naa15-16,7,7,7,0,0,100.0
FBgn0028703,Nhe3,2,2,2,0,0,100.0
FBgn0039407,CG14544,2,2,2,0,0,100.0
FBgn0010100,mAcon1,3,3,3,0,0,100.0
FBgn0022935,D19A,6,6,6,0,0,100.0
FBgn0030514,CG9941,2,2,2,0,0,100.0
FBgn0036405,CG6833,2,2,2,0,0,100.0
FBgn0032634,Rpb11,3,3,3,0,0,100.0
FBgn0044871,Gos28,13,13,13,0,0,100.0
FBgn0040011,Slmap,12,12,12,0,0,100.0
FBgn0032749,Phlpp,12,12,12,0,0,100.0
FBgn0040096,lectin-33A,16,16,16,0,0,100.0
FBgn0027330,l(1)G0020,5,5,5,0,0,100.0
FBgn0027600,obst-B,3,3,3,0,0,100.0
FBgn0031692,TpnC25D,3,3,3,0,0,100.0
FBgn0010228,HmgZ,10,10,10,0,0,100.0
FBgn0014037,Su(Tpl),7,7,7,0,0,100.0
FBgn0010516,wal,8,8,8,0,0,100.0
FBgn0003334,Scm,13,13,13,0,0,100.0
FBgn0035643,CG13287,14,14,14,0,0,100.0
FBgn0003169,put,28,28,28,0,0,100.0
FBgn0038301,CG6654,7,7,7,0,0,100.0
FBgn0037296,Prosbeta2R2,4,4,4,0,0,100.0
FBgn0264270,Sxl,19,19,19,0,0,100.0
FBgn0031631,CG3225,6,5,5,0,0,100.0
FBgn0046301,CG7148,4,4,4,0,0,100.0
FBgn0051324,CG31324,5,4,4,0,0,100.0
FBgn0034310,Nup75,4,4,4,0,0,100.0
FBgn0270924,zf30C,3,3,3,0,0,100.0
FBgn0039734,Tace,10,10,10,0,0,100.0
FBgn0005391,Yp2,6,6,6,0,0,100.0
FBgn0024184,unc-4,2,2,2,0,0,100.0
FBgn0029079,icln,12,12,12,0,0,100.0
FBgn0001179,hay,5,5,5,0,0,100.0
FBgn0031473,CG3104,3,3,3,0,0,100.0
FBgn0278608,Dsp1,18,18,18,0,0,100.0
FBgn0021765,scu,2,2,2,0,0,100.0
FBgn0013762,Cdk5,35,35,35,0,0,100.0
FBgn0037051,CG10565,19,19,19,0,0,100.0
FBgn0000071,Ama,4,4,4,0,0,100.0
FBgn0035542,DOR,4,4,4,0,0,100.0
FBgn0039481,Cpr97Eb,3,3,3,0,0,100.0
FBgn0036886,CG9300,3,3,3,0,0,100.0
FBgn0261793,Trf2,3,3,3,0,0,100.0
FBgn0036442,CG13473,2,2,2,0,0,100.0
FBgn0036905,,3,0,0,0,0,
FBgn0016053,pgc,4,4,4,0,0,100.0
FBgn0004390,RasGAP1,11,11,11,0,0,100.0
FBgn0037602,SLIRP2,3,3,3,0,0,100.0
FBgn0035121,Tudor-SN,6,6,6,0,0,100.0
FBgn0037608,mRpL19,9,9,9,0,0,100.0
FBgn0031977,baf,3,3,3,0,0,100.0
FBgn0036825,RpL26,4,4,4,0,0,100.0
FBgn0032626,CG12620,5,5,5,0,0,100.0
FBgn0039155,Kal1,2,2,2,0,0,100.0
FBgn0038566,CG14317,4,4,4,0,0,100.0
FBgn0036921,RhoGDI,20,20,20,0,0,100.0
FBgn0038903,RpI12,3,3,3,0,0,100.0
FBgn0035397,PAN3,10,10,10,0,0,100.0
FBgn0032475,Sfmbt,7,7,7,0,0,100.0
FBgn0032329,Art8,4,4,4,0,0,100.0
FBgn0053848,His3:CG33848,5,5,5,0,0,100.0
FBgn0004425,LysB,5,5,5,0,0,100.0
FBgn0259246,brp,2,2,2,0,0,100.0
FBgn0035235,CG7879,3,3,3,0,0,100.0
FBgn0031390,tho2,3,3,3,0,0,100.0
FBgn0265089,eIF4E3,5,5,5,0,0,100.0
FBgn0037831,Cap-H2,3,3,3,0,0,100.0
FBgn0028664,VhaM9.7-c,2,2,2,0,0,100.0
FBgn0037262,MED31,10,10,10,0,0,100.0
FBgn0264297,CG43775,5,5,5,0,0,100.0
FBgn0038592,CG18599,2,2,2,0,0,100.0
FBgn0001105,Gbeta13F,7,7,7,0,0,100.0
FBgn0263974,qin,2,2,2,0,0,100.0
FBgn0035976,PGRP-LC,17,17,17,0,0,100.0
FBgn0034899,CG13560,3,3,3,0,0,100.0
FBgn0027865,Tsp96F,2,2,2,0,0,100.0
FBgn0036515,AIMP2,6,6,6,0,0,100.0
FBgn0033015,d4,19,19,19,0,0,100.0
FBgn0051642,CG31642,2,2,2,0,0,100.0
FBgn0032691,Atac2,7,7,7,0,0,100.0
FBgn0259163,,2,0,0,0,0,
FBgn0284246,l(2)k09848,4,4,4,0,0,100.0
FBgn0040070,Trx-2,20,20,20,0,0,100.0
FBgn0261847,CG42779,3,3,3,0,0,100.0
FBgn0034066,EMC7,2,2,2,0,0,100.0
FBgn0041186,Slbp,5,5,5,0,0,100.0
FBgn0031639,mRpS2,7,7,7,0,0,100.0
FBgn0265185,CG44250,3,3,3,0,0,100.0
FBgn0039868,CG11563,7,7,7,0,0,100.0
FBgn0038927,CG6015,7,7,7,0,0,100.0
FBgn0051999,CG31999,3,3,3,0,0,100.0
FBgn0034052,CG8299,10,10,10,0,0,100.0
FBgn0013303,Nca,18,18,18,0,0,100.0
FBgn0037275,CG14655,2,2,2,0,0,100.0
FBgn0026084,cib,10,10,10,0,0,100.0
FBgn0086908,egg,7,7,7,0,0,100.0
FBgn0033372,,3,0,0,0,0,
FBgn0031830,COX5B,7,7,7,0,0,100.0
FBgn0027334,l(1)G0004,2,2,2,0,0,100.0
FBgn0004394,pdm2,7,7,7,0,0,100.0
FBgn0022213,Cse1,2,2,2,0,0,100.0
FBgn0037613,Cks85A,4,4,4,0,0,100.0
FBgn0013717,not,6,6,6,0,0,100.0
FBgn0039788,Rpt6R,3,3,3,0,0,100.0
FBgn0038535,alt,6,6,6,0,0,100.0
FBgn0087008,e(y)3,5,5,5,0,0,100.0
FBgn0016076,vri,12,12,12,0,0,100.0
FBgn0013683,ND4L,5,5,5,0,0,100.0
FBgn0033451,Marc,2,2,2,0,0,100.0
FBgn0261822,Bsg,4,4,4,0,0,100.0
FBgn0033092,Rpp25,2,2,2,0,0,100.0
FBgn0014342,mia,6,6,6,0,0,100.0
FBgn0261608,RpL37A,15,15,15,0,0,100.0
FBgn0037313,CG1161,7,7,7,0,0,100.0
FBgn0086254,Akr1B,19,19,19,0,0,100.0
FBgn0052343,Atac3,4,4,4,0,0,100.0
FBgn0015268,Nap1,7,7,7,0,0,100.0
FBgn0039359,RpL27,12,12,12,0,0,100.0
FBgn0031231,mRpL10,10,10,10,0,0,100.0
FBgn0032878,CG9316,4,4,4,0,0,100.0
FBgn0026083,tyf,5,5,5,0,0,100.0
FBgn0032339,Wdr59,6,6,6,0,0,100.0
FBgn0030837,CG8661,3,3,3,0,0,100.0
FBgn0001104,Galphai,18,18,18,0,0,100.0
FBgn0029783,Sirt4,2,2,2,0,0,100.0
FBgn0034009,CG8155,2,2,2,0,0,100.0
FBgn0028968,gammaCOP,5,5,5,0,0,100.0
FBgn0014133,bif,4,4,4,0,0,100.0
FBgn0010421,TfIIFbeta,11,11,11,0,0,100.0
FBgn0263143,vret,6,6,6,0,0,100.0
FBgn0002524,lace,5,5,5,0,0,100.0
FBgn0051814,DIP-kappa,3,3,3,0,0,100.0
FBgn0013342,nSyb,14,14,14,0,0,100.0
FBgn0259244,CG42342,2,1,1,0,0,100.0
FBgn0032233,dpr19,3,3,3,0,0,100.0
FBgn0028398,Taf10,6,6,6,0,0,100.0
FBgn0015949,hrg,9,9,9,0,0,100.0
FBgn0039757,RpS7,13,13,13,0,0,100.0
FBgn0004907,14-3-3zeta,114,113,113,0,0,100.0
FBgn0035824,CG8281,4,4,4,0,0,100.0
FBgn0032906,RPA2,5,5,5,0,0,100.0
FBgn0032665,CG15152,4,4,4,0,0,100.0
FBgn0267727,,14,0,0,0,0,
FBgn0040066,wds,17,17,17,0,0,100.0
FBgn0035625,Blimp-1,3,3,3,0,0,100.0
FBgn0002716,mei-W68,2,2,2,0,0,100.0
FBgn0083967,Muted,2,2,2,0,0,100.0
FBgn0040071,tara,6,6,6,0,0,100.0
FBgn0034259,P32,16,15,15,0,0,100.0
FBgn0030672,CG9281,2,2,2,0,0,100.0
FBgn0037617,nom,3,3,3,0,0,100.0
FBgn0035977,PGRP-LF,2,2,2,0,0,100.0
FBgn0026064,KP78a,6,6,6,0,0,100.0
FBgn0038000,Rsbp15,3,3,3,0,0,100.0
FBgn0024277,trio,7,7,7,0,0,100.0
FBgn0038596,CG14312,2,2,2,0,0,100.0
FBgn0039147,CG10694,6,6,6,0,0,100.0
FBgn0030929,CG15043,5,5,5,0,0,100.0
FBgn0037923,CG6813,2,2,2,0,0,100.0
FBgn0036685,CG6664,4,4,4,0,0,100.0
FBgn0013531,MED20,9,9,9,0,0,100.0
FBgn0039403,Sld5,3,3,3,0,0,100.0
FBgn0052176,CG32176,2,2,2,0,0,100.0
FBgn0011836,Taf2,2,2,2,0,0,100.0
FBgn0032889,CG9331,3,3,3,0,0,100.0
FBgn0037327,PEK,10,10,10,0,0,100.0
FBgn0034880,ItgaPS5,7,7,7,0,0,100.0
FBgn0037537,CG2767,3,3,3,0,0,100.0
FBgn0004050,z,9,9,9,0,0,100.0
FBgn0038206,twf,4,4,4,0,0,100.0
FBgn0035641,CG5568,9,9,9,0,0,100.0
FBgn0027569,cert,4,4,4,0,0,100.0
FBgn0010314,Cks30A,6,6,6,0,0,100.0
FBgn0001224,Hsp23,11,10,10,0,0,100.0
FBgn0030276,Dlic,2,2,2,0,0,100.0
FBgn0028648,mRpL50,3,3,3,0,0,100.0
FBgn0037515,Sp7,6,6,6,0,0,100.0
FBgn0020497,emb,7,7,7,0,0,100.0
FBgn0034694,Plekhm1,2,2,2,0,0,100.0
FBgn0284084,wg,31,31,31,0,0,100.0
FBgn0267348,LanB2,2,2,2,0,0,100.0
FBgn0004569,aos,7,7,7,0,0,100.0
FBgn0051025,Ppi1,4,4,4,0,0,100.0
FBgn0038869,Smyd5,4,4,4,0,0,100.0
FBgn0031441,CG9962,36,36,36,0,0,100.0
FBgn0035272,mRpL46,3,3,3,0,0,100.0
FBgn0037705,mura,3,3,3,0,0,100.0
FBgn0003514,sqh,6,6,6,0,0,100.0
FBgn0015321,Ubc4,8,7,7,0,0,100.0
FBgn0036999,isoQC,3,3,3,0,0,100.0
FBgn0001123,Galphas,13,13,13,0,0,100.0
FBgn0037489,CG1234,13,13,13,0,0,100.0
FBgn0039796,CG12069,35,35,35,0,0,100.0
FBgn0023507,D2hgdh,2,2,2,0,0,100.0
FBgn0016978,snRNP-U1-70K,5,5,5,0,0,100.0
FBgn0000615,exu,3,3,3,0,0,100.0
FBgn0030960,Atg101,4,4,4,0,0,100.0
FBgn0028913,CG3473,4,4,4,0,0,100.0
FBgn0032249,TBC1D16,3,3,3,0,0,100.0
FBgn0037130,Syn1,2,2,2,0,0,100.0
FBgn0037672,sage,9,9,9,0,0,100.0
FBgn0026749,Yippee,3,3,3,0,0,100.0
FBgn0004133,blow,4,4,4,0,0,100.0
FBgn0000377,crn,13,13,13,0,0,100.0
FBgn0000662,fl(2)d,10,10,10,0,0,100.0
FBgn0036574,elg1,5,5,5,0,0,100.0
FBgn0043825,CG18284,2,2,2,0,0,100.0
FBgn0004855,RpII15,3,3,3,0,0,100.0
FBgn0010078,RpL23,22,22,22,0,0,100.0
FBgn0039270,PQBP1,2,2,2,0,0,100.0
FBgn0031610,CG15436,10,10,10,0,0,100.0
FBgn0001320,kni,10,10,10,0,0,100.0
FBgn0013433,beat-Ia,3,3,3,0,0,100.0
FBgn0039970,CG17508,8,8,8,0,0,100.0
FBgn0026192,par-6,12,12,12,0,0,100.0
FBgn0261811,pico,24,24,24,0,0,100.0
FBgn0086370,sra,2,2,2,0,0,100.0
FBgn0039932,fuss,3,3,3,0,0,100.0
FBgn0035533,Cip4,9,9,9,0,0,100.0
FBgn0085192,CG34163,2,2,2,0,0,100.0
FBgn0032216,Usp14,3,3,3,0,0,100.0
FBgn0032483,CG15482,3,3,3,0,0,100.0
FBgn0050115,GEFmeso,10,10,10,0,0,100.0
FBgn0051729,CG31729,8,8,8,0,0,100.0
FBgn0034569,dgt3,4,4,4,0,0,100.0
FBgn0062412,Ctr1B,8,8,8,0,0,100.0
FBgn0044047,Ilp6,2,2,2,0,0,100.0
FBgn0039016,Dcr-1,2,2,2,0,0,100.0
FBgn0085353,CG34324,4,4,4,0,0,100.0
FBgn0041588,eIF2D,7,7,7,0,0,100.0
FBgn0260462,CG12163,4,4,4,0,0,100.0
FBgn0034399,CG15083,2,2,2,0,0,100.0
FBgn0260467,CG7071,3,3,3,0,0,100.0
FBgn0051481,pb,7,7,7,0,0,100.0
FBgn0083941,CG34105,2,2,2,0,0,100.0
FBgn0038755,Hs6st,2,2,2,0,0,100.0
FBgn0284253,LeuRS,2,2,2,0,0,100.0
FBgn0011361,ND-ACP,19,19,19,0,0,100.0
FBgn0050178,CG30178,2,2,2,0,0,100.0
FBgn0038258,CG7362,5,5,5,0,0,100.0
FBgn0039680,Cap-D2,3,3,3,0,0,100.0
FBgn0021796,Tor,4,4,4,0,0,100.0
FBgn0027497,Madm,9,9,9,0,0,100.0
FBgn0039738,Mgat2,4,4,4,0,0,100.0
FBgn0031228,ND-15,5,5,5,0,0,100.0
FBgn0001084,fy,3,3,3,0,0,100.0
FBgn0040465,Dlip3,6,5,5,0,0,100.0
FBgn0034382,CG18609,2,2,2,0,0,100.0
FBgn0261647,Axud1,3,3,3,0,0,100.0
FBgn0032859,Arpc2,8,8,8,0,0,100.0
FBgn0027084,LysRS,7,7,7,0,0,100.0
FBgn0033701,CG13171,3,3,3,0,0,100.0
FBgn0034182,SmydA-7,2,2,2,0,0,100.0
FBgn0033856,CG13334,5,5,5,0,0,100.0
FBgn0031997,PGAP5,3,3,3,0,0,100.0
FBgn0004872,piwi,13,13,13,0,0,100.0
FBgn0266420,Ote,8,8,8,0,0,100.0
FBgn0036044,Zasp67,2,2,2,0,0,100.0
FBgn0036838,CG3808,3,3,3,0,0,100.0
FBgn0087011,CG41520,2,2,2,0,0,100.0
FBgn0000426,SmF,11,11,11,0,0,100.0
FBgn0036188,CG7339,3,3,3,0,0,100.0
FBgn0035374,mRpS35,11,11,11,0,0,100.0
FBgn0010590,Prosbeta1,8,8,8,0,0,100.0
FBgn0261999,Ca-Ma2d,6,6,6,0,0,100.0
FBgn0025394,inc,2,2,2,0,0,100.0
FBgn0031562,CG3604,2,2,2,0,0,100.0
FBgn0259958,Sfp24F,5,5,5,0,0,100.0
FBgn0015618,Cdk8,23,23,23,0,0,100.0
FBgn0016694,Pdp1,3,3,3,0,0,100.0
FBgn0037098,Wnk,11,11,11,0,0,100.0
FBgn0000360,Cp38,4,4,4,0,0,100.0
FBgn0030457,CG12096,2,2,2,0,0,100.0
FBgn0038773,CG10887,3,3,3,0,0,100.0
FBgn0052600,dpr8,4,4,4,0,0,100.0
FBgn0035150,Rev1,3,3,3,0,0,100.0
FBgn0030871,CG8142,5,5,5,0,0,100.0
FBgn0022943,Cbp20,4,4,4,0,0,100.0
FBgn0004885,tok,2,2,2,0,0,100.0
FBgn0037121,Rpb8,4,4,4,0,0,100.0
FBgn0262018,CadN2,5,5,5,0,0,100.0
FBgn0027794,Lrpprc2,4,4,4,0,0,100.0
FBgn0086706,pix,3,3,3,0,0,100.0
FBgn0033355,CG13748,4,4,4,0,0,100.0
FBgn0038601,CG18600,4,4,4,0,0,100.0
FBgn0031233,Tbc1d15-17,5,5,5,0,0,100.0
FBgn0027335,Rip11,6,6,6,0,0,100.0
FBgn0053531,Ddr,9,9,9,0,0,100.0
FBgn0030053,CG12081,4,4,4,0,0,100.0
FBgn0032768,CG17564,4,4,4,0,0,100.0
FBgn0026319,Traf4,4,4,4,0,0,100.0
FBgn0028926,NC2beta,9,9,9,0,0,100.0
FBgn0024993,CG2662,2,2,2,0,0,100.0
FBgn0013746,alien,13,13,13,0,0,100.0
FBgn0025864,Crag,3,3,3,0,0,100.0
FBgn0027596,Kank,3,3,3,0,0,100.0
FBgn0005616,msl-2,5,5,5,0,0,100.0
FBgn0051956,Pgant4,3,3,3,0,0,100.0
FBgn0038275,CG3817,11,11,11,0,0,100.0
FBgn0032251,Nse4,3,3,3,0,0,100.0
FBgn0023143,Uba1,8,8,8,0,0,100.0
FBgn0053100,eIF4EHP,2,2,2,0,0,100.0
FBgn0032682,grnd,3,3,3,0,0,100.0
FBgn0032020,strat,9,9,9,0,0,100.0
FBgn0027054,CSN4,11,11,11,0,0,100.0
FBgn0259168,mnb,159,159,159,0,0,100.0
FBgn0003145,prd,18,18,18,0,0,100.0
FBgn0032298,CG6724,11,11,11,0,0,100.0
FBgn0016685,Nlp,24,24,24,0,0,100.0
FBgn0260745,mfas,3,3,3,0,0,100.0
FBgn0034181,CG8963,8,8,8,0,0,100.0
FBgn0011020,Sas-4,10,10,10,0,0,100.0
FBgn0037378,PSMG1,7,7,7,0,0,100.0
FBgn0027537,Nup93-1,6,6,6,0,0,100.0
FBgn0285952,eEF5,8,7,7,0,0,100.0
FBgn0035046,ND-19,6,6,6,0,0,100.0
FBgn0034502,,3,0,0,0,0,
FBgn0036566,ClC-c,2,2,2,0,0,100.0
FBgn0028381,Decay,2,2,2,0,0,100.0
FBgn0034519,BORCS7,3,3,3,0,0,100.0
FBgn0027496,epsilonCOP,9,9,9,0,0,100.0
FBgn0030694,CG15602,5,5,5,0,0,100.0
FBgn0027055,CSN3,7,7,7,0,0,100.0
FBgn0261697,tctn,5,5,5,0,0,100.0
FBgn0040372,G9a,4,4,4,0,0,100.0
FBgn0004864,hop,9,9,9,0,0,100.0
FBgn0036136,Ufd1-like,3,3,3,0,0,100.0
FBgn0261530,nbs,5,5,5,0,0,100.0
FBgn0003302,rux,9,9,9,0,0,100.0
FBgn0000451,ect,2,2,2,0,0,100.0
FBgn0052026,CG32026,5,5,5,0,0,100.0
FBgn0051015,PH4alphaPV,20,20,20,0,0,100.0
FBgn0040687,CG14645,2,2,2,0,0,100.0
FBgn0001308,Khc,30,30,30,0,0,100.0
FBgn0036762,CG7430,6,6,6,0,0,100.0
FBgn0025638,Roc1a,5,5,5,0,0,100.0
FBgn0039697,CG7834,8,8,8,0,0,100.0
FBgn0030071,CG12661,2,2,2,0,0,100.0
FBgn0051224,CG31224,2,2,2,0,0,100.0
FBgn0003942,RpS27A,24,24,24,0,0,100.0
FBgn0086347,Myo31DF,8,8,8,0,0,100.0
FBgn0030955,CG6891,10,10,10,0,0,100.0
FBgn0025825,HDAC3,7,7,7,0,0,100.0
FBgn0038979,tHMG2,2,2,2,0,0,100.0
FBgn0036341,Syx13,6,6,6,0,0,100.0
FBgn0040729,CG15126,3,3,3,0,0,100.0
FBgn0030693,CG8974,9,8,8,0,0,100.0
FBgn0037102,CRIF,2,2,2,0,0,100.0
FBgn0011555,thetaTry,2,2,2,0,0,100.0
FBgn0034245,UQCR-6.4,4,4,4,0,0,100.0
FBgn0011272,RpL13,16,16,16,0,0,100.0
FBgn0283666,Rap2l,14,14,14,0,0,100.0
FBgn0035823,eIF4E5,7,6,6,0,0,100.0
FBgn0005411,U2af50,8,8,8,0,0,100.0
FBgn0265194,Trpm,3,3,3,0,0,100.0
FBgn0262599,SmydA-3,5,5,5,0,0,100.0
FBgn0033494,KCNQ,3,3,3,0,0,100.0
FBgn0261068,LSm7,11,11,11,0,0,100.0
FBgn0003896,tup,7,7,7,0,0,100.0
FBgn0260660,Mp,2,2,2,0,0,100.0
FBgn0046253,CG3502,4,4,4,0,0,100.0
FBgn0001565,Hlc,6,6,6,0,0,100.0
FBgn0035026,Fcp1,11,11,11,0,0,100.0
FBgn0086346,ALiX,46,46,46,0,0,100.0
FBgn0035907,GstO1,16,16,16,0,0,100.0
FBgn0262714,Sap130,3,3,3,0,0,100.0
FBgn0035656,CG10479,2,2,2,0,0,100.0
FBgn0040339,MED22,4,4,4,0,0,100.0
FBgn0002284,Prosbeta6,7,7,7,0,0,100.0
FBgn0030316,CG11695,3,3,3,0,0,100.0
FBgn0085201,CG34172,6,6,6,0,0,100.0
FBgn0035878,CG7182,4,4,4,0,0,100.0
FBgn0038016,MBD-R2,20,20,20,0,0,100.0
FBgn0030611,CG15027,2,2,2,0,0,100.0
FBgn0001248,Idh,9,9,9,0,0,100.0
FBgn0031986,CG8673,14,14,14,0,0,100.0
FBgn0031476,CG8813,3,3,3,0,0,100.0
FBgn0011260,Sema2a,7,7,7,0,0,100.0
FBgn0037074,CG7324,3,3,3,0,0,100.0
FBgn0038428,CG14894,32,32,32,0,0,100.0
FBgn0039694,fig,4,4,4,0,0,100.0
FBgn0036969,Spn77Bb,5,5,5,0,0,100.0
FBgn0262511,,2,0,0,0,0,
FBgn0023549,Mct1,8,8,8,0,0,100.0
FBgn0037762,eloF,3,3,3,0,0,100.0
FBgn0003866,tsh,10,10,10,0,0,100.0
FBgn0036124,CG7839,12,12,12,0,0,100.0
FBgn0000079,Amy-p,3,3,3,0,0,100.0
FBgn0023529,CG2918,19,19,19,0,0,100.0
FBgn0261278,grp,19,19,19,0,0,100.0
FBgn0029878,Pat1,9,9,9,0,0,100.0
FBgn0040658,CG13516,2,2,2,0,0,100.0
FBgn0035032,ATPsynF,3,3,3,0,0,100.0
FBgn0004370,Ptp10D,12,12,12,0,0,100.0
FBgn0029858,mldr,3,3,3,0,0,100.0
FBgn0003612,Su(var)2-10,27,27,27,0,0,100.0
FBgn0011740,alpha-Man-IIa,2,2,2,0,0,100.0
FBgn0036987,CG5274,4,4,4,0,0,100.0
FBgn0034366,Atg7,5,5,5,0,0,100.0
FBgn0265276,l(3)neo38,2,2,2,0,0,100.0
FBgn0001612,Grip91,7,7,7,0,0,100.0
FBgn0004784,inaC,12,12,12,0,0,100.0
FBgn0031196,Cluap1,11,11,11,0,0,100.0
FBgn0037436,Hr83,2,2,2,0,0,100.0
FBgn0027052,STUB1,8,8,8,0,0,100.0
FBgn0035287,CG13937,12,12,12,0,0,100.0
FBgn0038134,wntD,3,3,3,0,0,100.0
FBgn0052177,Ndfip,2,2,2,0,0,100.0
FBgn0015359,CG2034,2,2,2,0,0,100.0
FBgn0029824,CG3726,5,5,5,0,0,100.0
FBgn0030974,Flacc,2,2,2,0,0,100.0
FBgn0011758,B-H1,10,10,10,0,0,100.0
FBgn0028671,Vha100-1,6,6,6,0,0,100.0
FBgn0036311,CG17666,7,6,6,0,0,100.0
FBgn0033296,Mal-A7,9,9,9,0,0,100.0
FBgn0020620,RN-tre,10,10,10,0,0,100.0
FBgn0030058,CG11294,3,3,3,0,0,100.0
FBgn0030697,CG8565,21,21,21,0,0,100.0
FBgn0283657,Tlk,20,20,20,0,0,100.0
FBgn0000618,e(y)2,15,15,15,0,0,100.0
FBgn0283682,Ge-1,4,4,4,0,0,100.0
FBgn0037375,kat-60L1,2,2,2,0,0,100.0
FBgn0033669,PI31,3,3,3,0,0,100.0
FBgn0034770,Obp58d,2,2,2,0,0,100.0
FBgn0038282,dpr9,6,6,6,0,0,100.0
FBgn0039411,dysf,8,8,8,0,0,100.0
FBgn0052581,,7,0,0,0,0,
FBgn0032957,CG2225,3,3,3,0,0,100.0
FBgn0000273,Pka-C1,156,155,155,0,0,100.0
FBgn0031601,Dim1,2,2,2,0,0,100.0
FBgn0039102,SPE,8,8,8,0,0,100.0
FBgn0037876,CG4820,3,3,3,0,0,100.0
FBgn0025697,santa-maria,2,2,2,0,0,100.0
FBgn0034092,CG7798,13,13,13,0,0,100.0
FBgn0038515,CG5823,2,2,2,0,0,100.0
FBgn0002931,net,5,5,5,0,0,100.0
FBgn0041605,cpx,4,4,4,0,0,100.0
FBgn0026262,bip2,12,12,12,0,0,100.0
FBgn0035194,Psf1,4,4,4,0,0,100.0
FBgn0031957,TwdlE,5,5,5,0,0,100.0
FBgn0005638,slbo,29,29,29,0,0,100.0
FBgn0032782,Rab9,4,4,4,0,0,100.0
FBgn0001216,Hsc70-1,13,13,13,0,0,100.0
FBgn0264493,rdx,18,18,18,0,0,100.0
FBgn0034795,MED23,11,11,11,0,0,100.0
FBgn0265598,Bx,19,19,19,0,0,100.0
FBgn0002939,ninaD,2,2,2,0,0,100.0
FBgn0036860,CG14086,2,2,2,0,0,100.0
FBgn0266581,pit,14,14,14,0,0,100.0
FBgn0032192,CG5731,2,2,2,0,0,100.0
FBgn0037955,Kyat,2,2,2,0,0,100.0
FBgn0038828,CG17270,2,2,2,0,0,100.0
FBgn0035704,Vps8,6,6,6,0,0,100.0
FBgn0033033,scaf,2,2,2,0,0,100.0
FBgn0039022,Nepl13,3,3,3,0,0,100.0
FBgn0037063,CG9391,3,3,3,0,0,100.0
FBgn0028331,l(1)G0289,6,6,6,0,0,100.0
FBgn0000097,aop,13,13,13,0,0,100.0
FBgn0036144,GlcAT-P,4,4,4,0,0,100.0
FBgn0263260,sel,6,6,6,0,0,100.0
FBgn0020399,Mst89B,2,2,2,0,0,100.0
FBgn0053866,His3:CG33866,3,3,3,0,0,100.0
FBgn0000594,Est-P,4,4,4,0,0,100.0
FBgn0040993,CG17325,2,2,2,0,0,100.0
FBgn0000520,dwg,6,6,6,0,0,100.0
FBgn0028743,Dhit,2,2,2,0,0,100.0
FBgn0037282,CG14657,2,2,2,0,0,100.0
FBgn0278604,dmt,5,5,5,0,0,100.0
FBgn0030121,Cfp1,3,3,3,0,0,100.0
FBgn0051457,CG31457,4,4,4,0,0,100.0
FBgn0034282,Mapmodulin,40,40,40,0,0,100.0
FBgn0034710,Alp7,14,14,14,0,0,100.0
FBgn0001150,gt,7,7,7,0,0,100.0
FBgn0026593,CG5707,2,2,2,0,0,100.0
FBgn0262117,IntS3,2,2,2,0,0,100.0
FBgn0037504,CG1142,2,2,2,0,0,100.0
FBgn0030432,CG4404,2,2,2,0,0,100.0
FBgn0011290,Taf12,18,18,18,0,0,100.0
FBgn0030289,GCS1,2,2,2,0,0,100.0
FBgn0036529,Pgant8,2,2,2,0,0,100.0
FBgn0028688,Rpn7,5,5,5,0,0,100.0
FBgn0036837,CG18135,4,4,4,0,0,100.0
FBgn0024330,MED6,10,10,10,0,0,100.0
FBgn0002573,sens,5,5,5,0,0,100.0
FBgn0013469,klu,2,2,2,0,0,100.0
FBgn0030661,Alp11,13,13,13,0,0,100.0
FBgn0030263,CG2076,3,3,3,0,0,100.0
FBgn0010329,Tbh,2,2,2,0,0,100.0
FBgn0034739,CG3927,2,2,2,0,0,100.0
FBgn0004053,zen,4,4,4,0,0,100.0
FBgn0263511,Vsx1,3,3,3,0,0,100.0
FBgn0039857,RpL6,11,11,11,0,0,100.0
FBgn0263240,Coop,6,6,6,0,0,100.0
FBgn0262515,VhaAC45,7,7,7,0,0,100.0
FBgn0039055,Rassf,13,13,13,0,0,100.0
FBgn0002441,l(3)mbt,6,6,6,0,0,100.0
FBgn0265193,Atf-2,21,21,21,0,0,100.0
FBgn0026324,Taf10b,10,10,10,0,0,100.0
FBgn0013680,ND2,4,4,4,0,0,100.0
FBgn0032812,Hakai,26,26,26,0,0,100.0
FBgn0031980,RpL36A,10,10,10,0,0,100.0
FBgn0016120,ATPsynD,5,5,5,0,0,100.0
FBgn0031081,Nep3,6,6,6,0,0,100.0
FBgn0044323,Cka,13,12,12,0,0,100.0
FBgn0034639,CG15673,2,2,2,0,0,100.0
FBgn0035601,Uev1A,9,9,9,0,0,100.0
FBgn0034654,eIF3k,4,4,4,0,0,100.0
FBgn0010380,AP-1-2beta,10,10,10,0,0,100.0
FBgn0086707,ncm,2,2,2,0,0,100.0
FBgn0022893,Df31,23,23,23,0,0,100.0
FBgn0001091,Gapdh1,3,3,3,0,0,100.0
FBgn0010014,CanB,6,6,6,0,0,100.0
FBgn0036723,CG12229,2,2,2,0,0,100.0
FBgn0045866,bai,9,9,9,0,0,100.0
FBgn0001330,kz,2,2,2,0,0,100.0
FBgn0027513,ana2,8,8,8,0,0,100.0
FBgn0038805,TFAM,8,8,8,0,0,100.0
FBgn0030979,CG14190,2,2,2,0,0,100.0
FBgn0033699,RpS11,16,16,16,0,0,100.0
FBgn0038507,CG5863,2,2,2,0,0,100.0
FBgn0003310,S,9,9,9,0,0,100.0
FBgn0026760,Tehao,3,3,3,0,0,100.0
FBgn0003525,stg,12,12,12,0,0,100.0
FBgn0032488,CG16812,3,3,3,0,0,100.0
FBgn0035851,MED24,6,6,6,0,0,100.0
FBgn0000541,E(bx),5,5,5,0,0,100.0
FBgn0261113,Xrp1,5,5,5,0,0,100.0
FBgn0027491,Cdk5alpha,12,12,12,0,0,100.0
FBgn0034643,CG10321,2,2,2,0,0,100.0
FBgn0053891,His4:CG33891,5,5,5,0,0,100.0
FBgn0031048,CG12237,3,3,3,0,0,100.0
FBgn0085220,Ufm1,2,2,2,0,0,100.0
FBgn0036147,Plod,3,3,3,0,0,100.0
FBgn0032525,Hsp60D,9,9,9,0,0,100.0
FBgn0243486,rdo,3,3,3,0,0,100.0
FBgn0028847,CG9014,4,4,4,0,0,100.0
FBgn0045035,tefu,4,4,4,0,0,100.0
FBgn0026181,Rok,23,23,23,0,0,100.0
FBgn0037059,CG10510,2,2,2,0,0,100.0
FBgn0034758,CG13510,2,2,2,0,0,100.0
FBgn0001269,inv,11,11,11,0,0,100.0
FBgn0000546,EcR,36,36,36,0,0,100.0
FBgn0028397,Tob,2,2,2,0,0,100.0
FBgn0037783,Npc2c,2,2,2,0,0,100.0
FBgn0050417,tbrd-3,4,4,4,0,0,100.0
FBgn0267487,Ptp61F,23,23,23,0,0,100.0
FBgn0051524,CG31524,25,25,25,0,0,100.0
FBgn0004622,TkR99D,2,2,2,0,0,100.0
FBgn0027500,spd-2,6,6,6,0,0,100.0
FBgn0033265,coil,2,2,2,0,0,100.0
FBgn0052364,tut,6,6,6,0,0,100.0
FBgn0026323,Tak1,56,56,56,0,0,100.0
FBgn0037924,CG14712,3,3,3,0,0,100.0
FBgn0037632,CCT7,11,11,11,0,0,100.0
FBgn0032863,Cdc23,3,3,3,0,0,100.0
FBgn0026261,bonsai,5,5,5,0,0,100.0
FBgn0010288,Uch,15,15,15,0,0,100.0
FBgn0033732,CG13157,4,4,4,0,0,100.0
FBgn0004889,tws,43,43,43,0,0,100.0
FBgn0010531,Ccs,5,5,5,0,0,100.0
FBgn0265356,tn,3,3,3,0,0,100.0
FBgn0264979,CG4267,6,6,6,0,0,100.0
FBgn0005672,spi,14,14,14,0,0,100.0
FBgn0052264,CG32264,16,16,16,0,0,100.0
FBgn0264389,opm,3,3,3,0,0,100.0
FBgn0015288,RpL22,24,24,24,0,0,100.0
FBgn0011592,fra,9,9,9,0,0,100.0
FBgn0037261,CG9775,8,8,8,0,0,100.0
FBgn0028687,Rpt1,10,10,10,0,0,100.0
FBgn0030305,Uba5,4,4,4,0,0,100.0
FBgn0000659,fkh,13,13,13,0,0,100.0
FBgn0033741,CG8545,21,21,21,0,0,100.0
FBgn0035871,BI-1,2,2,2,0,0,100.0
FBgn0031286,CG3862,2,2,2,0,0,100.0
FBgn0039201,CG13617,4,4,4,0,0,100.0
FBgn0033752,CG8569,5,4,4,0,0,100.0
FBgn0036419,CG13482,2,2,2,0,0,100.0
FBgn0030420,CG12717,3,3,3,0,0,100.0
FBgn0029856,CG11700,3,3,3,0,0,100.0
FBgn0024811,Crk,21,21,21,0,0,100.0
FBgn0085407,Pvf3,2,2,2,0,0,100.0
FBgn0039805,Cpr100A,2,2,2,0,0,100.0
FBgn0031146,CG15449,3,3,3,0,0,100.0
FBgn0033738,DUBAI,2,2,2,0,0,100.0
FBgn0039030,CG6660,4,4,4,0,0,100.0
FBgn0019929,Ser7,4,4,4,0,0,100.0
FBgn0015754,Lis-1,3,3,3,0,0,100.0
FBgn0283468,slmb,17,17,17,0,0,100.0
FBgn0040600,CG13631,3,3,3,0,0,100.0
FBgn0039914,mav,5,5,5,0,0,100.0
FBgn0023179,amon,4,4,4,0,0,100.0
FBgn0029736,CG4041,2,2,2,0,0,100.0
FBgn0000568,Eip75B,25,25,25,0,0,100.0
FBgn0031462,CG2964,3,3,3,0,0,100.0
FBgn0033818,CG4712,2,2,2,0,0,100.0
FBgn0015778,rin,15,15,15,0,0,100.0
FBgn0025635,CG17829,7,7,7,0,0,100.0
FBgn0003149,Prm,9,8,8,0,0,100.0
FBgn0033423,Alp6,15,15,15,0,0,100.0
FBgn0028663,VhaM9.7-b,2,2,2,0,0,100.0
FBgn0039596,CG10000,7,7,7,0,0,100.0
FBgn0035231,Pcyt2,2,2,2,0,0,100.0
FBgn0026257,cav,4,4,4,0,0,100.0
FBgn0031955,CG14535,2,2,2,0,0,100.0
FBgn0032247,CG5188,2,2,2,0,0,100.0
FBgn0004456,mew,25,25,25,0,0,100.0
FBgn0264562,Hr4,2,2,2,0,0,100.0
FBgn0032244,RfC3,4,4,4,0,0,100.0
FBgn0015774,NetB,6,6,6,0,0,100.0
FBgn0012051,CalpA,3,3,3,0,0,100.0
FBgn0003087,pim,5,5,5,0,0,100.0
FBgn0015320,Ubc2,10,9,9,0,0,100.0
FBgn0036059,nudE,9,9,9,0,0,100.0
FBgn0261858,Mzt1,4,4,4,0,0,100.0
FBgn0024238,Fim,4,4,4,0,0,100.0
FBgn0028325,Pdha,8,8,8,0,0,100.0
FBgn0039169,Spps,12,12,12,0,0,100.0
FBgn0038472,CG3995,8,8,8,0,0,100.0
FBgn0034277,OstDelta,17,17,17,0,0,100.0
FBgn0037979,GCC185,4,4,4,0,0,100.0
FBgn0037844,CG4570,7,6,6,0,0,100.0
FBgn0028987,Spn28F,3,3,3,0,0,100.0
FBgn0036544,sff,10,10,10,0,0,100.0
FBgn0034918,Pym,2,2,2,0,0,100.0
FBgn0035497,CG14995,3,3,3,0,0,100.0
FBgn0039413,CG14556,7,7,7,0,0,100.0
FBgn0031036,CG14220,4,4,4,0,0,100.0
FBgn0040780,Atg10,3,3,3,0,0,100.0
FBgn0039475,CG6277,5,5,5,0,0,100.0
FBgn0287225,bor,2,2,2,0,0,100.0
FBgn0029804,CG3097,4,4,4,0,0,100.0
FBgn0000206,boss,2,2,2,0,0,100.0
FBgn0004654,Pgd,2,2,2,0,0,100.0
FBgn0027620,Acf,4,4,4,0,0,100.0
FBgn0024733,RpL10,27,27,27,0,0,100.0
FBgn0265140,Meltrin,2,2,2,0,0,100.0
FBgn0036046,Ilp2,2,2,2,0,0,100.0
FBgn0025878,wrapper,2,2,2,0,0,100.0
FBgn0039969,Fis1,2,2,2,0,0,100.0
FBgn0011787,mRpL12,2,2,2,0,0,100.0
FBgn0030300,Sk1,2,2,2,0,0,100.0
FBgn0085284,Blos3,2,2,2,0,0,100.0
FBgn0036735,Edc3,4,4,4,0,0,100.0
FBgn0032732,EMC5,3,3,3,0,0,100.0
FBgn0264087,Slob,8,8,8,0,0,100.0
FBgn0003499,sr,2,2,2,0,0,100.0
FBgn0003716,tkv,39,39,39,0,0,100.0
FBgn0052441,EMC10,3,3,3,0,0,100.0
FBgn0286213,RpS12,19,19,19,0,0,100.0
FBgn0266672,Sec8,9,9,9,0,0,100.0
FBgn0035483,Mul1,2,2,2,0,0,100.0
FBgn0004400,rhi,12,12,12,0,0,100.0
FBgn0004832,Xpac,3,3,3,0,0,100.0
FBgn0040022,Set1,4,4,4,0,0,100.0
FBgn0036162,Fum3,2,2,2,0,0,100.0
FBgn0262125,Sec23,10,10,10,0,0,100.0
FBgn0034002,CG8079,7,7,7,0,0,100.0
FBgn0031343,CG18131,3,3,3,0,0,100.0
FBgn0043001,Chrac-16,3,3,3,0,0,100.0
FBgn0262582,cic,3,3,3,0,0,100.0
FBgn0036365,cmb,5,5,5,0,0,100.0
FBgn0031968,CG7231,5,5,5,0,0,100.0
FBgn0031229,CG3436,3,3,3,0,0,100.0
FBgn0032281,CG17107,2,2,2,0,0,100.0
FBgn0039337,MED28,2,2,2,0,0,100.0
FBgn0003975,vg,8,8,8,0,0,100.0
FBgn0053155,CG33155,6,6,6,0,0,100.0
FBgn0030956,CG18259,11,10,10,0,0,100.0
FBgn0037637,IscU,5,5,5,0,0,100.0
FBgn0034470,Obp56d,2,2,2,0,0,100.0
FBgn0029860,CG15891,3,3,3,0,0,100.0
FBgn0010358,deltaTry,5,5,5,0,0,100.0
FBgn0031996,CG8460,2,2,2,0,0,100.0
FBgn0031561,IM33,5,5,5,0,0,100.0
FBgn0024943,PIP82,17,17,17,0,0,100.0
FBgn0038827,Fancd2,18,18,18,0,0,100.0
FBgn0035199,tfc,9,9,9,0,0,100.0
FBgn0015218,eIF4E1,24,24,24,0,0,100.0
FBgn0042206,GstD10,30,30,30,0,0,100.0
FBgn0000376,crm,2,2,2,0,0,100.0
FBgn0051961,TBCC,3,3,3,0,0,100.0
FBgn0028360,Cdc7,4,4,4,0,0,100.0
FBgn0038269,Rrp6,10,10,10,0,0,100.0
FBgn0043010,Fsn,5,5,5,0,0,100.0
FBgn0266668,Exo84,12,12,12,0,0,100.0
FBgn0040345,CG3708,3,3,3,0,0,100.0
FBgn0034237,eIF3b,3,3,3,0,0,100.0
FBgn0029800,lin-52,5,5,5,0,0,100.0
FBgn0015756,RpL9,14,14,14,0,0,100.0
FBgn0030362,regucalcin,22,22,22,0,0,100.0
FBgn0040752,Prosap,5,5,5,0,0,100.0
FBgn0052379,CG32379,2,2,2,0,0,100.0
FBgn0034634,CG10494,2,2,2,0,0,100.0
FBgn0011726,tsr,11,11,11,0,0,100.0
FBgn0003744,trc,7,7,7,0,0,100.0
FBgn0040493,grsm,2,2,2,0,0,100.0
FBgn0260648,Rrp40,8,8,8,0,0,100.0
FBgn0000182,BicC,4,4,4,0,0,100.0
FBgn0003654,sw,7,7,7,0,0,100.0
FBgn0005593,RpL7,15,15,15,0,0,100.0
FBgn0264302,CG43780,2,2,2,0,0,100.0
FBgn0030096,Zpr1,2,2,2,0,0,100.0
FBgn0034617,Panx,4,4,4,0,0,100.0
FBgn0265003,koi,5,5,5,0,0,100.0
FBgn0029093,cathD,6,6,6,0,0,100.0
FBgn0033115,Spn42De,2,2,2,0,0,100.0
FBgn0032796,cyst,4,4,4,0,0,100.0
FBgn0032538,Vajk2,2,2,2,0,0,100.0
FBgn0025360,Optix,5,5,5,0,0,100.0
FBgn0004895,FoxL1,16,16,16,0,0,100.0
FBgn0040099,lectin-28C,2,2,2,0,0,100.0
FBgn0036595,CG13046,2,2,2,0,0,100.0
FBgn0025631,moody,2,2,2,0,0,100.0
FBgn0036460,CG5114,2,2,2,0,0,100.0
FBgn0040063,yip3,2,2,2,0,0,100.0
FBgn0002906,Blm,3,3,3,0,0,100.0
FBgn0259832,CG34229,2,2,2,0,0,100.0
FBgn0031224,CG11454,3,3,3,0,0,100.0
FBgn0016126,CaMKI,5,5,5,0,0,100.0
FBgn0032779,Alp12,14,14,14,0,0,100.0
FBgn0000179,bi,5,5,5,0,0,100.0
FBgn0263774,CG43691,14,13,13,0,0,100.0
FBgn0005636,nvy,2,2,2,0,0,100.0
FBgn0086558,Ubi-p5E,4,4,4,0,0,100.0
FBgn0262733,Src64B,33,33,33,0,0,100.0
FBgn0036389,ssp2,2,2,2,0,0,100.0
FBgn0035295,Cnb,6,6,6,0,0,100.0
FBgn0032151,nAChRalpha6,4,4,4,0,0,100.0
FBgn0016061,side,4,4,4,0,0,100.0
FBgn0031650,CG14044,22,21,21,0,0,100.0
FBgn0002922,nau,12,12,12,0,0,100.0
FBgn0035793,CG7546,4,4,4,0,0,100.0
FBgn0087013,Karybeta3,6,5,5,0,0,100.0
FBgn0263605,l(3)72Dn,2,2,2,0,0,100.0
FBgn0033889,CG6701,10,10,10,0,0,100.0
FBgn0026431,Grip75,6,6,6,0,0,100.0
FBgn0040038,klhl10,2,2,2,0,0,100.0
FBgn0039564,Nep7,8,8,8,0,0,100.0
FBgn0050404,Tango11,3,3,3,0,0,100.0
FBgn0036485,FucTA,12,12,12,0,0,100.0
FBgn0051821,CG31821,3,3,3,0,0,100.0
FBgn0261064,Rbsn-5,4,4,4,0,0,100.0
FBgn0036920,CG8004,3,3,3,0,0,100.0
FBgn0025830,,7,0,0,0,0,
FBgn0283480,Alp2,13,13,13,0,0,100.0
FBgn0030065,CG12075,3,3,3,0,0,100.0
FBgn0029843,Nep1,13,13,13,0,0,100.0
FBgn0038196,CG9922,2,2,2,0,0,100.0
FBgn0032650,CG7094,34,34,34,0,0,100.0
FBgn0035165,CG13887,2,2,2,0,0,100.0
FBgn0065108,ppk16,2,2,2,0,0,100.0
FBgn0013733,shot,8,8,8,0,0,100.0
FBgn0030035,PIG-T,3,3,3,0,0,100.0
FBgn0000575,emc,10,10,10,0,0,100.0
FBgn0033687,CG8407,2,1,1,0,0,100.0
FBgn0028476,Usp1,2,2,2,0,0,100.0
FBgn0086779,step,4,4,4,0,0,100.0
FBgn0027342,fz4,7,7,7,0,0,100.0
FBgn0038972,CG7054,10,10,10,0,0,100.0
FBgn0031894,CG4496,3,3,3,0,0,100.0
FBgn0036605,,2,0,0,0,0,
FBgn0036734,CG7564,7,7,7,0,0,100.0
FBgn0037856,Leash,18,18,18,0,0,100.0
FBgn0022768,Pp2C1,7,7,7,0,0,100.0
FBgn0003206,Ras64B,21,21,21,0,0,100.0
FBgn0001341,Mybbp1A,2,2,2,0,0,100.0
FBgn0036423,CG3919,3,3,3,0,0,100.0
FBgn0261239,Hr39,13,13,13,0,0,100.0
FBgn0085396,CG34367,3,3,3,0,0,100.0
FBgn0063493,GstE7,31,31,31,0,0,100.0
FBgn0030107,CG15370,2,2,2,0,0,100.0
FBgn0003079,Raf,66,66,66,0,0,100.0
FBgn0001223,Hsp22,6,6,6,0,0,100.0
FBgn0260049,flr,7,7,7,0,0,100.0
FBgn0031232,CG11617,2,2,2,0,0,100.0
FBgn0037263,slx1,2,2,2,0,0,100.0
FBgn0000251,cad,11,11,11,0,0,100.0
FBgn0034496,CG9143,5,5,5,0,0,100.0
FBgn0003357,Jon99Ciii,4,3,3,0,0,100.0
FBgn0266111,ana3,3,3,3,0,0,100.0
FBgn0038498,beat-IIa,2,2,2,0,0,100.0
FBgn0037330,mRpL44,5,5,5,0,0,100.0
FBgn0031488,Ccdc85,11,11,11,0,0,100.0
FBgn0035375,Pgant6,5,5,5,0,0,100.0
FBgn0025366,Ip259,3,3,3,0,0,100.0
FBgn0027095,Manf,2,2,2,0,0,100.0
FBgn0035997,phol,10,10,10,0,0,100.0
FBgn0263355,CG31688,2,2,2,0,0,100.0
FBgn0031882,Rab30,11,11,11,0,0,100.0
FBgn0037206,CG12768,3,3,3,0,0,100.0
FBgn0033354,FANCI,2,2,2,0,0,100.0
FBgn0000228,Bsg25D,6,6,6,0,0,100.0
FBgn0285892,tea,4,4,4,0,0,100.0
FBgn0003124,polo,33,33,33,0,0,100.0
FBgn0034084,CG8435,3,3,3,0,0,100.0
FBgn0032640,Sgt,23,22,22,0,0,100.0
FBgn0026143,Cdc45,3,3,3,0,0,100.0
FBgn0037930,CG14715,41,41,41,0,0,100.0
FBgn0035591,CG4611,6,6,6,0,0,100.0
FBgn0033990,CG10265,9,9,9,0,0,100.0
FBgn0033863,CG13337,3,3,3,0,0,100.0
FBgn0052392,Rsph3,12,12,12,0,0,100.0
FBgn0035240,CG33791,5,5,5,0,0,100.0
FBgn0014184,Oda,18,16,16,0,0,100.0
FBgn0010215,alpha-Cat,2,2,2,0,0,100.0
FBgn0053213,CG33213,5,5,5,0,0,100.0
FBgn0034968,RpL12,27,27,27,0,0,100.0
FBgn0032283,CG7296,2,2,2,0,0,100.0
FBgn0003862,trx,2,2,2,0,0,100.0
FBgn0034863,SkpF,6,6,6,0,0,100.0
FBgn0052446,Atox1,2,1,1,0,0,100.0
FBgn0020910,RpL3,15,15,15,0,0,100.0
FBgn0034718,wdp,2,2,2,0,0,100.0
FBgn0036248,ssp,6,6,6,0,0,100.0
FBgn0011706,rpr,4,4,4,0,0,100.0
FBgn0039379,CG5886,2,2,2,0,0,100.0
FBgn0040298,Myt1,9,9,9,0,0,100.0
FBgn0029971,ND-MNLL,6,6,6,0,0,100.0
FBgn0038326,CG5044,4,4,4,0,0,100.0
FBgn0053557,CG33557,8,8,8,0,0,100.0
FBgn0042205,CG18764,8,8,8,0,0,100.0
FBgn0000044,Act57B,12,12,12,0,0,100.0
FBgn0061200,Nup153,5,5,5,0,0,100.0
FBgn0000557,eEF1alpha2,2,2,2,0,0,100.0
FBgn0031818,CG9536,2,2,2,0,0,100.0
FBgn0000227,,2,0,0,0,0,
FBgn0032042,CG13398,2,2,2,0,0,100.0
FBgn0040396,CG3939,2,2,2,0,0,100.0
FBgn0010097,gammaTub37C,5,5,5,0,0,100.0
FBgn0034114,CG4282,3,3,3,0,0,100.0
FBgn0035140,BORCS6,3,3,3,0,0,100.0
FBgn0267849,Syx7,18,18,18,0,0,100.0
FBgn0042630,Sox21b,12,12,12,0,0,100.0
FBgn0001133,grau,5,5,5,0,0,100.0
FBgn0034025,Pgant1,7,7,7,0,0,100.0
FBgn0038928,Fadd,10,10,10,0,0,100.0
FBgn0015278,Pi3K68D,5,5,5,0,0,100.0
FBgn0032187,CG4839,18,18,18,0,0,100.0
FBgn0037565,CG9626,4,4,4,0,0,100.0
FBgn0036537,CG18081,3,3,3,0,0,100.0
FBgn0037164,CG11438,2,2,2,0,0,100.0
FBgn0260972,alc,16,16,16,0,0,100.0
FBgn0260632,dl,10,10,10,0,0,100.0
FBgn0033767,CG13148,2,2,2,0,0,100.0
FBgn0030945,Ing3,3,3,3,0,0,100.0
FBgn0031505,ND-B14.5B,3,3,3,0,0,100.0
FBgn0035271,CG2021,11,11,11,0,0,100.0
FBgn0026058,OdsH,2,2,2,0,0,100.0
FBgn0042098,CG18735,29,29,29,0,0,100.0
FBgn0034542,Fem-1,8,8,8,0,0,100.0
FBgn0028504,CG12182,2,2,2,0,0,100.0
FBgn0035571,CG12493,7,7,7,0,0,100.0
FBgn0011217,eff,19,18,18,0,0,100.0
FBgn0052698,CARPB,8,8,8,0,0,100.0
FBgn0016917,Stat92E,25,25,25,0,0,100.0
FBgn0029676,HIP-R,3,3,3,0,0,100.0
FBgn0039140,Miro,2,2,2,0,0,100.0
FBgn0011785,BRWD3,2,2,2,0,0,100.0
FBgn0016684,NaPi-T,3,3,3,0,0,100.0
FBgn0033773,Mos,3,3,3,0,0,100.0
FBgn0259680,Pkcdelta,58,58,58,0,0,100.0
FBgn0025582,eIF3e,5,5,5,0,0,100.0
FBgn0037540,Pbp95,5,5,5,0,0,100.0
FBgn0039283,danr,3,3,3,0,0,100.0
FBgn0026373,RpII33,3,3,3,0,0,100.0
FBgn0036063,CG6674,2,2,2,0,0,100.0
FBgn0038271,UQCR-C1,7,7,7,0,0,100.0
FBgn0027868,Nup107,2,2,2,0,0,100.0
FBgn0030666,CG12708,8,8,8,0,0,100.0
FBgn0015791,Rab14,12,12,12,0,0,100.0
FBgn0019985,mGluR,2,2,2,0,0,100.0
FBgn0261439,SdhA,8,8,8,0,0,100.0
FBgn0033886,Rpn13,10,10,10,0,0,100.0
FBgn0031117,GstT3,27,27,27,0,0,100.0
FBgn0039565,CG4884,5,5,5,0,0,100.0
FBgn0014018,Rel,29,29,29,0,0,100.0
FBgn0031090,Rab35,5,5,5,0,0,100.0
FBgn0002930,nec,16,16,16,0,0,100.0
FBgn0001125,Got2,11,11,11,0,0,100.0
FBgn0030136,RpS28b,16,16,16,0,0,100.0
FBgn0030093,Bap111,11,11,11,0,0,100.0
FBgn0033627,CG13204,3,3,3,0,0,100.0
FBgn0051852,Tap42,6,6,6,0,0,100.0
FBgn0052344,CG32344,7,7,7,0,0,100.0
FBgn0036849,CG14079,3,3,3,0,0,100.0
FBgn0037555,Ada2b,18,18,18,0,0,100.0
FBgn0040534,Sf3b5,7,7,7,0,0,100.0
FBgn0031285,CG3662,20,20,20,0,0,100.0
FBgn0010105,comm,4,4,4,0,0,100.0
FBgn0028494,CG6424,3,2,2,0,0,100.0
FBgn0028980,tant,2,2,2,0,0,100.0
FBgn0032690,CG10333,4,4,4,0,0,100.0
FBgn0028670,Vha100-2,2,2,2,0,0,100.0
FBgn0015527,peng,8,8,8,0,0,100.0
FBgn0051832,CG31832,6,6,6,0,0,100.0
FBgn0004795,retn,10,10,10,0,0,100.0
FBgn0043456,Ndf,7,7,7,0,0,100.0
FBgn0031253,CG11885,5,5,5,0,0,100.0
FBgn0031888,Pvf2,3,3,3,0,0,100.0
FBgn0010265,RpS13,15,15,15,0,0,100.0
FBgn0023545,PIG-K,3,3,3,0,0,100.0
FBgn0037093,Cdk12,49,49,49,0,0,100.0
FBgn0045843,RacGAP84C,4,4,4,0,0,100.0
FBgn0033089,CG17266,10,10,10,0,0,100.0
FBgn0011725,twin,15,15,15,0,0,100.0
FBgn0031684,ND-13A,4,4,4,0,0,100.0
FBgn0053516,dpr3,4,4,4,0,0,100.0
FBgn0004427,LysD,6,6,6,0,0,100.0
FBgn0015300,Ssl,14,14,14,0,0,100.0
FBgn0029799,CG15772,3,3,3,0,0,100.0
FBgn0001325,Kr,2,2,2,0,0,100.0
FBgn0034914,CG5554,2,2,2,0,0,100.0
FBgn0027616,Ythdc1,3,3,3,0,0,100.0
FBgn0030373,moon,2,2,2,0,0,100.0
FBgn0031876,Atac1,10,10,10,0,0,100.0
FBgn0033467,Pdrg1,4,4,4,0,0,100.0
FBgn0261108,Atg13,6,6,6,0,0,100.0
FBgn0023091,dimm,10,10,10,0,0,100.0
FBgn0036640,nxf2,2,2,2,0,0,100.0
FBgn0034913,Snap29,29,29,29,0,0,100.0
FBgn0039730,CG7903,5,5,5,0,0,100.0
FBgn0013277,Hsp70Ba,18,18,18,0,0,100.0
FBgn0043884,,3,0,0,0,0,
FBgn0263108,BtbVII,10,10,10,0,0,100.0
FBgn0050428,CG30428,4,3,3,0,0,100.0
FBgn0011762,DNApol-alpha50,3,3,3,0,0,100.0
FBgn0030040,CG15347,2,2,2,0,0,100.0
FBgn0039626,Slu7,6,6,6,0,0,100.0
FBgn0261848,CG42780,5,5,5,0,0,100.0
FBgn0037248,srl,5,5,5,0,0,100.0
FBgn0035619,Alp10,12,12,12,0,0,100.0
FBgn0035335,mRpL23,5,5,5,0,0,100.0
FBgn0031698,Ncoa6,2,2,2,0,0,100.0
FBgn0003969,vap,6,6,6,0,0,100.0
FBgn0263237,Cdk7,13,13,13,0,0,100.0
FBgn0031544,CG17593,21,21,21,0,0,100.0
FBgn0031319,CG4896,7,6,6,0,0,100.0
FBgn0011274,Dif,38,38,38,0,0,100.0
FBgn0031057,Ubqn,8,8,8,0,0,100.0
FBgn0061469,Ube3a,2,2,2,0,0,100.0
FBgn0051013,CG31013,25,25,25,0,0,100.0
FBgn0004431,LysX,4,4,4,0,0,100.0
FBgn0036812,Nufip,6,6,6,0,0,100.0
FBgn0024249,cato,2,2,2,0,0,100.0
FBgn0036769,Tsp74F,4,4,4,0,0,100.0
FBgn0035906,GstO2,21,21,21,0,0,100.0
FBgn0036104,CG6418,2,2,2,0,0,100.0
FBgn0034215,Mtap,2,2,2,0,0,100.0
FBgn0030025,CG2147,2,2,2,0,0,100.0
FBgn0039402,Vps2,3,3,3,0,0,100.0
FBgn0031837,DIP-iota,6,6,6,0,0,100.0
FBgn0034793,asrij,2,2,2,0,0,100.0
FBgn0029817,CG15764,5,4,4,0,0,100.0
FBgn0038845,Alp5,12,12,12,0,0,100.0
FBgn0034012,Hr51,3,3,3,0,0,100.0
FBgn0263456,nwk,4,4,4,0,0,100.0
FBgn0033440,CG10459,32,32,32,0,0,100.0
FBgn0031875,CG3430,3,3,3,0,0,100.0
FBgn0035217,FucTD,19,19,19,0,0,100.0
FBgn0042094,Adk3,2,2,2,0,0,100.0
FBgn0036814,CG14073,4,4,4,0,0,100.0
FBgn0035540,Syx17,6,6,6,0,0,100.0
FBgn0015925,csul,3,3,3,0,0,100.0
FBgn0036528,CG7579,4,4,4,0,0,100.0
FBgn0015838,Vang,4,4,4,0,0,100.0
FBgn0017551,Rca1,10,10,10,0,0,100.0
FBgn0027546,CG4766,2,2,2,0,0,100.0
FBgn0038965,mats,21,21,21,0,0,100.0
FBgn0030733,UQCR-14,4,4,4,0,0,100.0
FBgn0033859,fand,11,10,10,0,0,100.0
FBgn0003140,PpY-55A,38,38,38,0,0,100.0
FBgn0002567,Rab32,3,3,3,0,0,100.0
FBgn0035833,CG7565,8,8,8,0,0,100.0
FBgn0259162,RunxB,10,10,10,0,0,100.0
FBgn0039705,Atg16,64,64,64,0,0,100.0
FBgn0035675,CG6610,9,9,9,0,0,100.0
FBgn0028789,Doc1,14,14,14,0,0,100.0
FBgn0029970,Nek2,30,30,30,0,0,100.0
FBgn0284245,eEF1alpha1,6,6,6,0,0,100.0
FBgn0037734,trbd,3,3,3,0,0,100.0
FBgn0030222,CG9806,9,9,9,0,0,100.0
FBgn0261065,Cpsf73,4,4,4,0,0,100.0
FBgn0032214,CG4968,2,2,2,0,0,100.0
FBgn0000229,bsk,87,86,86,0,0,100.0
FBgn0031264,CG11835,14,14,14,0,0,100.0
FBgn0039631,Sirt7,2,2,2,0,0,100.0
FBgn0030828,CG5162,6,6,6,0,0,100.0
FBgn0035868,CG7194,5,5,5,0,0,100.0
FBgn0032015,Ostgamma,2,2,2,0,0,100.0
FBgn0030912,CG6023,3,3,3,0,0,100.0
FBgn0031531,CG8840,2,2,2,0,0,100.0
FBgn0051390,MED7,12,12,12,0,0,100.0
FBgn0038401,CG5916,6,6,6,0,0,100.0
FBgn0036565,CG5235,2,2,2,0,0,100.0
FBgn0261597,RpS26,34,34,34,0,0,100.0
FBgn0000577,en,15,15,15,0,0,100.0
FBgn0064225,RpL5,18,18,18,0,0,100.0
FBgn0037889,scpr-A,4,4,4,0,0,100.0
FBgn0000015,Abd-B,19,19,19,0,0,100.0
FBgn0034264,Dlish,4,4,4,0,0,100.0
FBgn0000063,Mps1,18,18,18,0,0,100.0
FBgn0085420,DIP-delta,2,2,2,0,0,100.0
FBgn0034173,CG9010,4,4,4,0,0,100.0
FBgn0036952,CG6933,2,2,2,0,0,100.0
FBgn0037780,ohgt,2,2,2,0,0,100.0
FBgn0037465,CG1105,2,2,2,0,0,100.0
FBgn0002593,RpLP1,17,17,17,0,0,100.0
FBgn0015550,tap,7,7,7,0,0,100.0
FBgn0037299,Vps37B,5,5,5,0,0,100.0
FBgn0038488,m-cup,7,7,7,0,0,100.0
FBgn0260962,pic,13,13,13,0,0,100.0
FBgn0250903,lmgA,3,3,3,0,0,100.0
FBgn0030687,RpIIIC160,4,4,4,0,0,100.0
FBgn0004436,Ubc6,2,2,2,0,0,100.0
FBgn0032391,escl,5,5,5,0,0,100.0
FBgn0046296,DEF8,5,5,5,0,0,100.0
FBgn0036450,Tdrd3,12,12,12,0,0,100.0
FBgn0039784,CG9698,22,22,22,0,0,100.0
FBgn0024321,NK7.1,2,2,2,0,0,100.0
FBgn0031008,CG8010,2,2,2,0,0,100.0
FBgn0000411,D,19,19,19,0,0,100.0
FBgn0026263,bip1,8,8,8,0,0,100.0
FBgn0031270,CG13689,2,2,2,0,0,100.0
FBgn0000061,al,3,3,3,0,0,100.0
FBgn0037446,Zif,10,10,10,0,0,100.0
FBgn0266570,NO66,4,4,4,0,0,100.0
FBgn0039655,CG14507,3,3,3,0,0,100.0
FBgn0051029,CG31029,3,3,3,0,0,100.0
FBgn0035499,Chd64,5,5,5,0,0,100.0
FBgn0025692,Lfg,2,2,2,0,0,100.0
FBgn0036335,mRpL20,2,2,2,0,0,100.0
FBgn0013276,Hsp70Ab,14,13,13,0,0,100.0
FBgn0034435,fest,8,8,8,0,0,100.0
FBgn0039038,CG6688,3,2,2,0,0,100.0
FBgn0027363,Stam,13,13,13,0,0,100.0
FBgn0260393,CG17147,4,4,4,0,0,100.0
FBgn0039702,Vps16B,4,3,3,0,0,100.0
FBgn0001137,grk,9,9,9,0,0,100.0
FBgn0262871,lute,2,2,2,0,0,100.0
FBgn0263396,sqd,32,32,32,0,0,100.0
FBgn0028406,Drep4,2,2,2,0,0,100.0
FBgn0036461,Zip71B,3,3,3,0,0,100.0
FBgn0266083,ocm,3,3,3,0,0,100.0
FBgn0051721,Trim9,4,4,4,0,0,100.0
FBgn0036469,CG18649,4,4,4,0,0,100.0
FBgn0033754,Ak6,4,4,4,0,0,100.0
FBgn0030665,CG15646,10,10,10,0,0,100.0
FBgn0004862,bap,7,7,7,0,0,100.0
FBgn0025625,Sik2,13,13,13,0,0,100.0
FBgn0050432,CG30432,3,3,3,0,0,100.0
FBgn0032204,CG4953,2,2,2,0,0,100.0
FBgn0037234,CG9795,2,2,2,0,0,100.0
FBgn0010359,gammaTry,8,8,8,0,0,100.0
FBgn0001995,mRpL4,6,6,6,0,0,100.0
FBgn0003638,su(w[a]),7,7,7,0,0,100.0
FBgn0031378,CG15362,2,2,2,0,0,100.0
FBgn0267728,otk2,4,4,4,0,0,100.0
FBgn0085423,GramD1B,4,4,4,0,0,100.0
FBgn0025109,Bem46,2,1,1,0,0,100.0
FBgn0015372,RabX1,2,2,2,0,0,100.0
FBgn0030008,CG2129,5,5,5,0,0,100.0
FBgn0039421,CG6036,16,16,16,0,0,100.0
FBgn0267378,sau,28,25,25,0,0,100.0
FBgn0021742,C901,2,2,2,0,0,100.0
FBgn0037359,MED27,11,11,11,0,0,100.0
FBgn0040068,Vav,11,11,11,0,0,100.0
FBgn0026189,promL,2,2,2,0,0,100.0
FBgn0031374,Wdr62,2,2,2,0,0,100.0
FBgn0024814,Clc,7,7,7,0,0,100.0
FBgn0036740,Vps60,3,3,3,0,0,100.0
FBgn0033337,CG8272,3,3,3,0,0,100.0
FBgn0004652,fru,3,3,3,0,0,100.0
FBgn0036929,CG7668,8,8,8,0,0,100.0
FBgn0001168,h,9,9,9,0,0,100.0
FBgn0266465,GckIII,10,10,10,0,0,100.0
FBgn0020294,ko,3,3,3,0,0,100.0
FBgn0051368,,2,0,0,0,0,
FBgn0264326,,2,0,0,0,0,
FBgn0051559,CG31559,5,5,5,0,0,100.0
FBgn0066101,LpR1,3,3,3,0,0,100.0
FBgn0037050,ICA69,4,4,4,0,0,100.0
FBgn0003390,shf,7,7,7,0,0,100.0
FBgn0031769,CG9135,3,3,3,0,0,100.0
FBgn0037634,hng2,2,1,1,0,0,100.0
FBgn0030556,mRNA-cap,3,3,3,0,0,100.0
FBgn0038360,CG9590,2,2,2,0,0,100.0
FBgn0036058,CG6707,4,4,4,0,0,100.0
FBgn0033998,row,9,9,9,0,0,100.0
FBgn0026061,Mipp1,2,2,2,0,0,100.0
FBgn0033757,muskelin,7,7,7,0,0,100.0
FBgn0037616,CG8136,3,3,3,0,0,100.0
FBgn0050269,CG30269,2,2,2,0,0,100.0
FBgn0035585,ATPsynCF6L,2,2,2,0,0,100.0
FBgn0030874,Spt7,5,5,5,0,0,100.0
FBgn0036361,CG10154,5,5,5,0,0,100.0
FBgn0003346,RanGAP,15,15,15,0,0,100.0
FBgn0052190,NUCB1,3,3,3,0,0,100.0
FBgn0005561,sv,4,4,4,0,0,100.0
FBgn0030850,stas,2,2,2,0,0,100.0
FBgn0026562,SPARC,6,6,6,0,0,100.0
FBgn0036804,Sgf11,16,16,16,0,0,100.0
FBgn0027788,Hey,6,6,6,0,0,100.0
FBgn0031018,narya,5,5,5,0,0,100.0
FBgn0002466,sti,11,11,11,0,0,100.0
FBgn0034232,CG4866,2,2,2,0,0,100.0
FBgn0011277,HLH4C,15,15,15,0,0,100.0
FBgn0082831,pps,2,2,2,0,0,100.0
FBgn0035059,CG3894,2,2,2,0,0,100.0
FBgn0028986,Spn38F,8,8,8,0,0,100.0
FBgn0033429,CG12929,2,2,2,0,0,100.0
FBgn0030944,CG6617,5,5,5,0,0,100.0
FBgn0031545,CG3213,3,3,3,0,0,100.0
FBgn0015615,SMC3,4,3,3,0,0,100.0
FBgn0027903,Pol31,3,3,3,0,0,100.0
FBgn0050481,mRpL53,3,3,3,0,0,100.0
FBgn0033159,Dscam1,2,2,2,0,0,100.0
FBgn0034583,CG10527,4,4,4,0,0,100.0
FBgn0033527,CG11777,9,9,9,0,0,100.0
FBgn0052423,shep,7,7,7,0,0,100.0
FBgn0032773,fon,3,3,3,0,0,100.0
FBgn0259937,Nop60B,13,13,13,0,0,100.0
FBgn0259175,ome,2,2,2,0,0,100.0
FBgn0020299,stumps,10,10,10,0,0,100.0
FBgn0010282,TfIIFalpha,8,8,8,0,0,100.0
FBgn0037746,CG8478,16,16,16,0,0,100.0
FBgn0030364,Lsm12a,2,2,2,0,0,100.0
FBgn0034537,DMAP1,5,5,5,0,0,100.0
FBgn0260446,GABA-B-R1,3,3,3,0,0,100.0
FBgn0022023,eIF3h,6,6,6,0,0,100.0
FBgn0032168,CG13126,6,6,6,0,0,100.0
FBgn0032512,Bdp1,7,7,7,0,0,100.0
FBgn0030692,mRpS30,6,6,6,0,0,100.0
FBgn0040571,CG17193,3,3,3,0,0,100.0
FBgn0038398,sxe2,4,4,4,0,0,100.0
FBgn0031216,Zir,3,3,3,0,0,100.0
FBgn0062413,Ctr1A,2,2,2,0,0,100.0
FBgn0061198,HSPC300,9,9,9,0,0,100.0
FBgn0003117,pnr,18,18,18,0,0,100.0
FBgn0039128,CG13599,3,3,3,0,0,100.0
FBgn0028427,Ilk,5,5,5,0,0,100.0
FBgn0038400,CG5903,2,2,2,0,0,100.0
FBgn0020618,Rack1,29,29,29,0,0,100.0
FBgn0028684,Rpt5,10,10,10,0,0,100.0
FBgn0052438,SMC5,4,4,4,0,0,100.0
FBgn0032833,COX4,5,5,5,0,0,100.0
FBgn0036484,Pex3,13,13,13,0,0,100.0
FBgn0034314,nopo,6,6,6,0,0,100.0
FBgn0031161,CG15445,8,8,8,0,0,100.0
FBgn0034988,cN-IIIB,2,2,2,0,0,100.0
FBgn0036052,CG10809,3,3,3,0,0,100.0
FBgn0011278,lbe,12,12,12,0,0,100.0
FBgn0028697,RpL15,23,23,23,0,0,100.0
FBgn0250843,Prosalpha6,19,19,19,0,0,100.0
FBgn0025185,az2,3,3,3,0,0,100.0
FBgn0033238,azot,8,8,8,0,0,100.0
FBgn0261618,larp,10,10,10,0,0,100.0
FBgn0267698,Pak,102,102,102,0,0,100.0
FBgn0015789,Rab10,5,5,5,0,0,100.0
FBgn0032620,CG12288,6,6,6,0,0,100.0
FBgn0001319,kn,11,11,11,0,0,100.0
FBgn0266464,Nsf2,4,4,4,0,0,100.0
FBgn0025693,ZnT41F,3,3,3,0,0,100.0
FBgn0039848,Loxl1,7,7,7,0,0,100.0
FBgn0263934,esn,11,11,11,0,0,100.0
FBgn0037376,Hat1,3,3,3,0,0,100.0
FBgn0023534,CG17778,7,7,7,0,0,100.0
FBgn0003205,Ras85D,74,74,74,0,0,100.0
FBgn0038586,CG7168,4,4,4,0,0,100.0
FBgn0003559,su(f),2,2,2,0,0,100.0
FBgn0036729,CG13733,4,4,4,0,0,100.0
FBgn0262477,FoxP,16,16,16,0,0,100.0
FBgn0033739,Dyb,17,17,17,0,0,100.0
FBgn0284436,CCT8,11,11,11,0,0,100.0
FBgn0032292,EMC3,5,5,5,0,0,100.0
FBgn0266722,Trs33,8,8,8,0,0,100.0
FBgn0044872,FucTC,13,13,13,0,0,100.0
FBgn0024245,dnt,4,4,4,0,0,100.0
FBgn0262937,Rabex-5,9,9,9,0,0,100.0
FBgn0014075,Uggt,2,2,2,0,0,100.0
FBgn0030507,CG11164,16,14,14,0,0,100.0
FBgn0038857,Bdbt,2,2,2,0,0,100.0
FBgn0030993,Mec2,2,2,2,0,0,100.0
FBgn0266670,Sec5,10,10,10,0,0,100.0
FBgn0025629,CG4045,3,3,3,0,0,100.0
FBgn0024913,Actbeta,4,4,4,0,0,100.0
FBgn0033379,Mys45A,3,3,3,0,0,100.0
FBgn0023001,melt,2,2,2,0,0,100.0
FBgn0031310,Vps29,5,5,5,0,0,100.0
FBgn0024187,syd,2,2,2,0,0,100.0
FBgn0032524,Hacd2,2,2,2,0,0,100.0
FBgn0037657,hyx,6,6,6,0,0,100.0
FBgn0033460,Sec24AB,7,7,7,0,0,100.0
FBgn0032974,CG3651,2,2,2,0,0,100.0
FBgn0036184,PCID2,4,4,4,0,0,100.0
FBgn0040755,CG17580,2,2,2,0,0,100.0
FBgn0036287,CG10663,2,2,2,0,0,100.0
FBgn0250850,rig,3,3,3,0,0,100.0
FBgn0267350,Pi4KIIIalpha,2,2,2,0,0,100.0
FBgn0052655,CG32655,9,9,9,0,0,100.0
FBgn0259237,CG42335,4,4,4,0,0,100.0
FBgn0000810,fs(1)K10,7,7,7,0,0,100.0
FBgn0024734,PRL-1,5,5,5,0,0,100.0
FBgn0038578,MED17,18,18,18,0,0,100.0
FBgn0004197,Ser,12,12,12,0,0,100.0
FBgn0036497,Ran-like,4,4,4,0,0,100.0
FBgn0034075,Asph,3,3,3,0,0,100.0
FBgn0260780,wisp,4,4,4,0,0,100.0
FBgn0260987,vtd,8,8,8,0,0,100.0
FBgn0262955,RpII140,4,4,4,0,0,100.0
FBgn0004878,cas,3,3,3,0,0,100.0
FBgn0030181,CG12645,4,4,4,0,0,100.0
FBgn0260862,Vti1a,15,15,15,0,0,100.0
FBgn0037534,ELOVL,4,4,4,0,0,100.0
FBgn0030499,CG11178,2,2,2,0,0,100.0
FBgn0029690,CG6414,2,2,2,0,0,100.0
FBgn0002734,E(spl)mdelta-HLH,16,16,16,0,0,100.0
FBgn0031190,CG12576,6,6,6,0,0,100.0
FBgn0001491,l(1)10Bb,4,4,4,0,0,100.0
FBgn0020388,Gcn5,25,25,25,0,0,100.0
FBgn0039743,Jasper,9,9,9,0,0,100.0
FBgn0026207,mbo,6,6,6,0,0,100.0
FBgn0004419,me31B,22,22,22,0,0,100.0
FBgn0260960,Baldspot,4,4,4,0,0,100.0
FBgn0013749,Arf102F,13,13,13,0,0,100.0
FBgn0027590,GstE12,35,35,35,0,0,100.0
FBgn0034688,CG11474,2,2,2,0,0,100.0
FBgn0011656,Mef2,36,36,36,0,0,100.0
FBgn0031816,Rchy1,5,5,5,0,0,100.0
FBgn0026080,Tip60,18,18,18,0,0,100.0
FBgn0003274,RpLP2,17,17,17,0,0,100.0
FBgn0260444,Not10,11,11,11,0,0,100.0
FBgn0000256,capu,2,2,2,0,0,100.0
FBgn0003391,shg,6,6,6,0,0,100.0
FBgn0053193,sav,17,17,17,0,0,100.0
FBgn0011224,heph,6,6,6,0,0,100.0
FBgn0010425,epsilonTry,4,4,4,0,0,100.0
FBgn0031392,AIF,4,4,4,0,0,100.0
FBgn0015299,Ssb-c31a,2,2,2,0,0,100.0
FBgn0036796,CG18231,21,21,21,0,0,100.0
FBgn0025837,CG17636,2,2,2,0,0,100.0
FBgn0036212,CG11597,24,24,24,0,0,100.0
FBgn0003944,Ubx,56,56,56,0,0,100.0
FBgn0035575,CG7509,2,2,2,0,0,100.0
FBgn0004380,Klp64D,6,6,6,0,0,100.0
FBgn0038627,CG7694,2,2,2,0,0,100.0
FBgn0085239,CG34210,2,2,2,0,0,100.0
FBgn0029766,CG15784,9,9,9,0,0,100.0
FBgn0005658,Ets65A,15,15,15,0,0,100.0
FBgn0000137,ase,12,12,12,0,0,100.0
FBgn0031959,spz3,3,3,3,0,0,100.0
FBgn0024294,Spn43Aa,6,6,6,0,0,100.0
FBgn0011771,Hem,2,2,2,0,0,100.0
FBgn0264561,Glg1,3,3,3,0,0,100.0
FBgn0005648,Pabp2,7,7,7,0,0,100.0
FBgn0030718,ND-20,6,6,6,0,0,100.0
FBgn0250842,CG17575,8,8,8,0,0,100.0
FBgn0040227,eIF3d1,5,5,5,0,0,100.0
FBgn0051251,CG31251,2,2,2,0,0,100.0
FBgn0032940,Mondo,4,4,4,0,0,100.0
FBgn0031546,CG8851,10,9,9,0,0,100.0
FBgn0033690,EndoG,2,2,2,0,0,100.0
FBgn0042105,CG18748,5,5,5,0,0,100.0
FBgn0262559,Mdh2,8,8,8,0,0,100.0
FBgn0035143,Ppm1,19,19,19,0,0,100.0
FBgn0025334,PHDP,19,18,18,0,0,100.0
FBgn0038593,Vps39,14,14,14,0,0,100.0
FBgn0027509,TBCD,2,2,2,0,0,100.0
FBgn0001187,Hex-C,3,3,3,0,0,100.0
FBgn0002121,l(2)gl,6,6,6,0,0,100.0
FBgn0033273,Gasz,2,2,2,0,0,100.0
FBgn0032211,CG13138,2,1,1,0,0,100.0
FBgn0039486,CAH9,6,6,6,0,0,100.0
FBgn0000319,Chc,7,7,7,0,0,100.0
FBgn0262524,ver,2,2,2,0,0,100.0
FBgn0026404,Dronc,11,11,11,0,0,100.0
FBgn0053523,CG33523,4,4,4,0,0,100.0
FBgn0032304,CG17134,2,2,2,0,0,100.0
FBgn0033540,Elp2,5,5,5,0,0,100.0
FBgn0036652,,6,0,0,0,0,
FBgn0035280,Cpr62Bb,2,2,2,0,0,100.0
FBgn0004910,Eip63F-1,2,2,2,0,0,100.0
FBgn0020407,asun,2,2,2,0,0,100.0
FBgn0037892,mRpL40,2,2,2,0,0,100.0
FBgn0036178,CG14137,2,2,2,0,0,100.0
FBgn0033463,CG1513,6,6,6,0,0,100.0
FBgn0086675,fne,2,2,2,0,0,100.0
FBgn0040340,TRAM,2,2,2,0,0,100.0
FBgn0036617,Cpr72Ea,3,3,3,0,0,100.0
FBgn0023081,gek,87,87,87,0,0,100.0
FBgn0034313,CG5726,5,5,5,0,0,100.0
FBgn0033915,CG8485,7,7,7,0,0,100.0
FBgn0045827,CG13245,2,2,2,0,0,100.0
FBgn0040324,Ephrin,6,6,6,0,0,100.0
FBgn0031435,Elba2,6,5,5,0,0,100.0
FBgn0030624,CG9106,3,3,3,0,0,100.0
FBgn0027609,morgue,8,8,8,0,0,100.0
FBgn0053542,upd3,3,3,3,0,0,100.0
FBgn0035437,Strip,3,3,3,0,0,100.0
FBgn0010328,woc,5,5,5,0,0,100.0
FBgn0031423,CG3557,3,2,2,0,0,100.0
FBgn0000384,cta,2,2,2,0,0,100.0
FBgn0043362,bchs,2,2,2,0,0,100.0
FBgn0035020,CG13585,2,2,2,0,0,100.0
FBgn0032053,mRpL51,2,2,2,0,0,100.0
FBgn0051014,PH4alphaSG1,21,21,21,0,0,100.0
FBgn0034138,RpS15,10,10,10,0,0,100.0
FBgn0029175,sotv,7,7,7,0,0,100.0
FBgn0040077,primo-1,2,2,2,0,0,100.0
FBgn0042134,Capr,2,2,2,0,0,100.0
FBgn0264848,vih,3,3,3,0,0,100.0
FBgn0039938,Sox102F,5,5,5,0,0,100.0
FBgn0259110,mmd,7,7,7,0,0,100.0
FBgn0051619,nolo,2,2,2,0,0,100.0
FBgn0035425,CG17746,21,21,21,0,0,100.0
FBgn0000042,Act5C,31,31,31,0,0,100.0
FBgn0037070,CG11309,3,3,3,0,0,100.0
FBgn0024975,CG2712,13,13,13,0,0,100.0
FBgn0266673,Sec10,6,6,6,0,0,100.0
FBgn0005590,scw,7,7,7,0,0,100.0
FBgn0014879,Set,9,9,9,0,0,100.0
FBgn0000221,brn,18,18,18,0,0,100.0
FBgn0004117,Tm2,17,17,17,0,0,100.0
FBgn0050000,GstT1,29,29,29,0,0,100.0
FBgn0010395,Itgbn,19,19,19,0,0,100.0
FBgn0031091,Phf7,5,5,5,0,0,100.0
FBgn0039683,dmrt99B,4,4,4,0,0,100.0
FBgn0034476,Toll-7,4,4,4,0,0,100.0
FBgn0033113,Spn42Dc,7,7,7,0,0,100.0
FBgn0261953,TfAP-2,5,5,5,0,0,100.0
FBgn0034743,RpS16,18,18,18,0,0,100.0
FBgn0028382,cyp33,4,4,4,0,0,100.0
FBgn0020765,Acp65Aa,2,2,2,0,0,100.0
FBgn0033224,Nop17l,5,5,5,0,0,100.0
FBgn0003495,spz,8,8,8,0,0,100.0
FBgn0259705,CG42359,4,4,4,0,0,100.0
FBgn0033112,Spn42Db,5,5,5,0,0,100.0
FBgn0030269,CDK2AP1,12,12,12,0,0,100.0
FBgn0040972,CG16978,5,5,5,0,0,100.0
FBgn0030858,IntS2,3,3,3,0,0,100.0
FBgn0003053,peb,7,7,7,0,0,100.0
FBgn0032853,CG10651,2,2,2,0,0,100.0
FBgn0033935,Sin1,2,2,2,0,0,100.0
FBgn0031391,CG11723,11,11,11,0,0,100.0
FBgn0028693,Rpn12,6,6,6,0,0,100.0
FBgn0260741,CG3281,3,3,3,0,0,100.0
FBgn0031715,tomb,3,3,3,0,0,100.0
FBgn0004828,His3.3B,7,7,7,0,0,100.0
FBgn0286511,Pld,3,3,3,0,0,100.0
FBgn0032839,AANATL3,2,2,2,0,0,100.0
FBgn0034641,mahj,4,4,4,0,0,100.0
FBgn0025457,Bub3,9,9,9,0,0,100.0
FBgn0035587,Gdap1,2,2,2,0,0,100.0
FBgn0034120,CG15710,3,3,3,0,0,100.0
FBgn0265935,coro,5,5,5,0,0,100.0
FBgn0261985,Ptpmeg,4,4,4,0,0,100.0
FBgn0263933,ebi,18,18,18,0,0,100.0
FBgn0034791,EMC8-9,3,3,3,0,0,100.0
FBgn0039710,dgt1,5,5,5,0,0,100.0
FBgn0039669,ND-20L,3,3,3,0,0,100.0
FBgn0033750,CG13151,3,3,3,0,0,100.0
FBgn0022027,Vps25,5,5,5,0,0,100.0
FBgn0040007,RpL38,11,10,10,0,0,100.0
FBgn0038909,CG6569,4,4,4,0,0,100.0
FBgn0263829,CG34334,2,2,2,0,0,100.0
FBgn0024728,Slip1,4,4,4,0,0,100.0
FBgn0022343,CG3760,2,2,2,0,0,100.0
FBgn0262734,eIF4H1,2,2,2,0,0,100.0
FBgn0030964,Pvf1,5,5,5,0,0,100.0
FBgn0284220,Top2,3,3,3,0,0,100.0
FBgn0050281,CG30281,4,4,4,0,0,100.0
FBgn0037949,prd1,2,2,2,0,0,100.0
FBgn0261885,osa,7,7,7,0,0,100.0
FBgn0025807,Rad9,3,3,3,0,0,100.0
FBgn0010433,ato,12,12,12,0,0,100.0
FBgn0266719,stac,2,2,2,0,0,100.0
FBgn0261015,Pif1A,8,7,7,0,0,100.0
FBgn0283545,vilya,8,8,8,0,0,100.0
FBgn0026409,Mpcp2,5,5,5,0,0,100.0
FBgn0024980,Syx4,9,9,9,0,0,100.0
FBgn0036187,RIOK1,8,8,8,0,0,100.0
FBgn0259685,crb,9,9,9,0,0,100.0
FBgn0032178,Spn31A,7,7,7,0,0,100.0
FBgn0041174,Vhl,5,5,5,0,0,100.0
FBgn0033874,CG6347,7,7,7,0,0,100.0
FBgn0032390,dgt2,4,4,4,0,0,100.0
FBgn0023522,CG11596,3,3,3,0,0,100.0
FBgn0015790,Rab11,32,32,32,0,0,100.0
FBgn0035120,wac,3,3,3,0,0,100.0
FBgn0085405,CG34376,13,13,13,0,0,100.0
FBgn0052808,CG32808,14,14,14,0,0,100.0
FBgn0024250,brk,12,12,12,0,0,100.0
FBgn0033607,CG9062,4,4,4,0,0,100.0
FBgn0036950,CG6996,7,7,7,0,0,100.0
FBgn0000257,car,4,4,4,0,0,100.0
FBgn0031871,Fgop2,4,4,4,0,0,100.0
FBgn0028746,CG18508,5,5,5,0,0,100.0
FBgn0037717,CG8301,5,5,5,0,0,100.0
FBgn0020912,Ptx1,16,16,16,0,0,100.0
FBgn0034727,mRpS29,4,4,4,0,0,100.0
FBgn0027093,ArgRS,3,3,3,0,0,100.0
FBgn0035754,MED4,18,17,17,0,0,100.0
FBgn0027949,msb1l,4,4,4,0,0,100.0
FBgn0032465,Yip1d1,2,2,2,0,0,100.0
FBgn0015286,Rala,9,9,9,0,0,100.0
FBgn0004919,gol,8,8,8,0,0,100.0
FBgn0038281,RpL10Aa,3,3,3,0,0,100.0
FBgn0000529,bsh,7,7,7,0,0,100.0
FBgn0038551,Odj,11,11,11,0,0,100.0
FBgn0003449,snf,14,14,14,0,0,100.0
FBgn0262518,Rab8,9,9,9,0,0,100.0
FBgn0036301,CG4069,2,2,2,0,0,100.0
FBgn0037371,Sym,5,5,5,0,0,100.0
FBgn0283535,Vha26,3,3,3,0,0,100.0
FBgn0027526,Ublcp1,2,2,2,0,0,100.0
FBgn0262656,Myc,84,83,83,0,0,100.0
FBgn0031990,PAPLA1,2,2,2,0,0,100.0
FBgn0038172,Adgf-D,3,3,3,0,0,100.0
FBgn0040660,CG13551,4,4,4,0,0,100.0
FBgn0031621,Elba3,3,2,2,0,0,100.0
FBgn0032050,CG13096,12,12,12,0,0,100.0
FBgn0004034,y,5,5,5,0,0,100.0
FBgn0030830,CG5172,4,4,4,0,0,100.0
FBgn0261556,CG42674,3,3,3,0,0,100.0
FBgn0042106,CG18754,3,3,3,0,0,100.0
FBgn0011638,La,5,5,5,0,0,100.0
FBgn0000635,Fas2,15,15,15,0,0,100.0
FBgn0004362,HmgD,30,30,30,0,0,100.0
FBgn0039833,CG15564,3,3,3,0,0,100.0
FBgn0035788,,2,0,0,0,0,
FBgn0022960,vimar,4,4,4,0,0,100.0
FBgn0001148,gsb,4,4,4,0,0,100.0
FBgn0026190,PH4alphaMP,21,21,21,0,0,100.0
FBgn0259678,sqa,10,10,10,0,0,100.0
FBgn0031657,CG3756,3,3,3,0,0,100.0
FBgn0267791,HnRNP-K,12,12,12,0,0,100.0
FBgn0065109,ppk11,2,2,2,0,0,100.0
FBgn0027558,Pgant3,4,4,4,0,0,100.0
FBgn0033154,CG1850,2,1,1,0,0,100.0
FBgn0024556,mEFTu1,4,4,4,0,0,100.0
FBgn0036476,sstn,17,17,17,0,0,100.0
FBgn0025790,TBPH,11,11,11,0,0,100.0
FBgn0030545,CG11590,2,2,2,0,0,100.0
FBgn0262699,fzr,25,25,25,0,0,100.0
FBgn0039387,Mco3,2,2,2,0,0,100.0
FBgn0036896,wnd,10,10,10,0,0,100.0
FBgn0028978,trbl,16,16,16,0,0,100.0
FBgn0039026,CG7029,4,4,4,0,0,100.0
FBgn0010422,TfIIS,7,7,7,0,0,100.0
FBgn0031979,CCDC53,4,4,4,0,0,100.0
FBgn0011481,Ssdp,13,13,13,0,0,100.0
FBgn0035569,CG15876,2,2,2,0,0,100.0
FBgn0015221,Fer2LCH,4,4,4,0,0,100.0
FBgn0038303,SIDL,6,6,6,0,0,100.0
FBgn0029887,CG3198,2,2,2,0,0,100.0
FBgn0085482,CG34453,3,3,3,0,0,100.0
FBgn0030614,CG9072,4,4,4,0,0,100.0
FBgn0039112,SdhD,6,6,6,0,0,100.0
FBgn0020440,Fak,15,15,15,0,0,100.0
FBgn0011289,TfIIA-L,10,10,10,0,0,100.0
FBgn0036441,CG13476,10,10,10,0,0,100.0
FBgn0024509,Sec13,12,12,12,0,0,100.0
FBgn0260759,CG42557,3,3,3,0,0,100.0
FBgn0034539,CG11159,5,5,5,0,0,100.0
FBgn0015623,Cpr,2,2,2,0,0,100.0
FBgn0015391,glu,4,4,4,0,0,100.0
FBgn0002622,RpS3,21,21,21,0,0,100.0
FBgn0051183,CG31183,2,2,2,0,0,100.0
FBgn0035227,Iml1,2,2,2,0,0,100.0
FBgn0028507,CG3793,3,3,3,0,0,100.0
FBgn0261933,SmD1,10,10,10,0,0,100.0
FBgn0032923,Pld3,4,4,4,0,0,100.0
FBgn0013799,Deaf1,17,17,17,0,0,100.0
FBgn0010043,GstD7,32,32,32,0,0,100.0
FBgn0038868,CG5862,4,4,4,0,0,100.0
FBgn0031436,ND-B17.2,7,7,7,0,0,100.0
FBgn0031187,Usp2,3,3,3,0,0,100.0
FBgn0029857,wuho,4,4,4,0,0,100.0
FBgn0052772,CG32772,2,2,2,0,0,100.0
FBgn0003089,pip,12,12,12,0,0,100.0
FBgn0020238,14-3-3epsilon,79,79,79,0,0,100.0
FBgn0030735,CG3632,2,2,2,0,0,100.0
FBgn0261854,aPKC,89,87,87,0,0,100.0
FBgn0030963,CG7101,3,3,3,0,0,100.0
FBgn0031973,Spn28Dc,2,2,2,0,0,100.0
FBgn0032491,CG16815,5,5,5,0,0,100.0
FBgn0052767,CG32767,2,2,2,0,0,100.0
FBgn0035334,CG8993,18,18,18,0,0,100.0
FBgn0051950,Sbat,3,3,3,0,0,100.0
FBgn0264272,mwh,15,15,15,0,0,100.0
FBgn0283658,muc,6,6,6,0,0,100.0
FBgn0001301,kel,10,10,10,0,0,100.0
FBgn0025839,ND-B14.5A,5,5,5,0,0,100.0
FBgn0051092,LpR2,2,2,2,0,0,100.0
FBgn0028920,CG8997,3,3,3,0,0,100.0
FBgn0000404,CycA,26,26,26,0,0,100.0
FBgn0031493,Sf3b2,11,11,11,0,0,100.0
FBgn0038225,soti,2,2,2,0,0,100.0
FBgn0011704,RnrS,8,8,8,0,0,100.0
FBgn0261786,mi,2,2,2,0,0,100.0
FBgn0030752,CDC50,5,5,5,0,0,100.0
FBgn0011276,HLH3B,7,7,7,0,0,100.0
FBgn0046706,Haspin,5,5,5,0,0,100.0
FBgn0262716,Arp3,18,18,18,0,0,100.0
FBgn0017578,Max,8,8,8,0,0,100.0
FBgn0263512,Vsx2,21,20,20,0,0,100.0
FBgn0031399,mio,3,3,3,0,0,100.0
FBgn0000567,Eip74EF,4,4,4,0,0,100.0
FBgn0035147,Gale,2,2,2,0,0,100.0
FBgn0036075,CG8065,4,3,3,0,0,100.0
FBgn0083141,Spn28B,5,5,5,0,0,100.0
FBgn0039225,Ets96B,10,10,10,0,0,100.0
FBgn0266848,wap,7,6,6,0,0,100.0
FBgn0013983,imd,13,13,13,0,0,100.0
FBgn0041100,park,6,6,6,0,0,100.0
FBgn0029686,Glos,2,2,2,0,0,100.0
FBgn0043530,Obp51a,4,4,4,0,0,100.0
FBgn0262166,calypso,3,3,3,0,0,100.0
FBgn0051233,CG31233,3,3,3,0,0,100.0
FBgn0036411,Sox21a,27,27,27,0,0,100.0
FBgn0004839,otk,17,17,17,0,0,100.0
FBgn0015277,Pi3K59F,5,5,5,0,0,100.0
FBgn0004404,RpS14b,14,14,14,0,0,100.0
FBgn0261802,CG42748,5,5,5,0,0,100.0
FBgn0031244,CG11601,3,3,3,0,0,100.0
FBgn0034707,MED16,11,11,11,0,0,100.0
FBgn0262127,kibra,8,8,8,0,0,100.0
FBgn0029974,dpr14,2,2,2,0,0,100.0
FBgn0267339,p38c,25,25,25,0,0,100.0
FBgn0039856,CG1774,4,4,4,0,0,100.0
FBgn0032709,,4,0,0,0,0,
FBgn0039566,CG4849,5,5,5,0,0,100.0
FBgn0085409,smal,15,15,15,0,0,100.0
FBgn0030451,CG15717,3,3,3,0,0,100.0
FBgn0051661,CG31661,6,6,6,0,0,100.0
FBgn0262057,Spn77Ba,9,9,9,0,0,100.0
FBgn0036727,SecCl,2,2,2,0,0,100.0
FBgn0036690,Ilp8,3,3,3,0,0,100.0
FBgn0039355,CG4730,6,6,6,0,0,100.0
FBgn0037624,CG8223,36,36,36,0,0,100.0
FBgn0040092,lectin-46Cb,12,12,12,0,0,100.0
FBgn0023174,Prosbeta2,8,8,8,0,0,100.0
FBgn0026873,MED18,17,17,17,0,0,100.0
FBgn0036213,RpL10Ab,7,7,7,0,0,100.0
FBgn0003882,tub,7,7,7,0,0,100.0
FBgn0053017,CG33017,5,5,5,0,0,100.0
FBgn0034602,Lapsyn,2,2,2,0,0,100.0
FBgn0250833,CG34461,4,4,4,0,0,100.0
FBgn0025678,CaBP1,13,13,13,0,0,100.0
FBgn0003129,Poxm,23,23,23,0,0,100.0
FBgn0036377,CG10710,3,3,3,0,0,100.0
FBgn0083228,Frq2,3,3,3,0,0,100.0
FBgn0028379,fan,10,10,10,0,0,100.0
FBgn0261792,snRNP-U1-C,2,2,2,0,0,100.0
FBgn0031261,nAChRbeta3,5,5,5,0,0,100.0
FBgn0033572,polyph,2,2,2,0,0,100.0
FBgn0032752,CG10702,35,35,35,0,0,100.0
FBgn0031859,CG17377,2,2,2,0,0,100.0
FBgn0034417,CG15117,3,3,3,0,0,100.0
FBgn0032956,Cul2,15,15,15,0,0,100.0
FBgn0038452,,3,0,0,0,0,
FBgn0003463,sog,23,23,23,0,0,100.0
FBgn0035792,,2,0,0,0,0,
FBgn0003741,tra,2,2,2,0,0,100.0
FBgn0037094,CG7611,13,13,13,0,0,100.0
FBgn0027111,miple1,2,2,2,0,0,100.0
FBgn0015794,Rab18,9,8,8,0,0,100.0
FBgn0029818,GAA1,4,4,4,0,0,100.0
FBgn0283478,und,9,9,9,0,0,100.0
FBgn0011824,CG4038,10,10,10,0,0,100.0
FBgn0025815,Mcm6,5,5,5,0,0,100.0
FBgn0052594,be,2,2,2,0,0,100.0
FBgn0038826,Syp,6,6,6,0,0,100.0
FBgn0034217,Lhr,5,5,5,0,0,100.0
FBgn0033283,,6,0,0,0,0,
FBgn0261563,wb,3,3,3,0,0,100.0
FBgn0033631,Sod3,7,6,6,0,0,100.0
FBgn0000022,ac,16,16,16,0,0,100.0
FBgn0037170,Trxr-2,3,3,3,0,0,100.0
FBgn0262740,Evi5,5,5,5,0,0,100.0
FBgn0024542,Neos,8,8,8,0,0,100.0
FBgn0013732,sced,3,3,3,0,0,100.0
FBgn0039719,CG15515,2,2,2,0,0,100.0
FBgn0086915,Mst77F,2,2,2,0,0,100.0
FBgn0032632,CG6380,3,3,3,0,0,100.0
FBgn0001229,Hsp67Bc,5,5,5,0,0,100.0
FBgn0000320,eya,12,12,12,0,0,100.0
FBgn0266723,Trs31,7,7,7,0,0,100.0
FBgn0004687,Mlc-c,5,5,5,0,0,100.0
FBgn0001086,fzy,7,7,7,0,0,100.0
FBgn0030864,CG8173,9,9,9,0,0,100.0
FBgn0004381,Klp68D,3,3,3,0,0,100.0
FBgn0030853,ND-24,9,9,9,0,0,100.0
FBgn0042103,CG18746,6,6,6,0,0,100.0
FBgn0039172,Spase22-23,2,2,2,0,0,100.0
FBgn0033657,Sln,3,3,3,0,0,100.0
FBgn0010220,Dbp45A,2,2,2,0,0,100.0
FBgn0037669,Ibf2,5,5,5,0,0,100.0
FBgn0033557,CG12325,3,3,3,0,0,100.0
FBgn0030384,CG2577,26,26,26,0,0,100.0
FBgn0032124,CG17855,11,11,11,0,0,100.0
FBgn0036811,MED11,4,4,4,0,0,100.0
FBgn0261873,sdt,8,8,8,0,0,100.0
FBgn0036257,RhoGAP68F,7,7,7,0,0,100.0
FBgn0004859,ci,39,39,39,0,0,100.0
FBgn0034110,Atg9,4,4,4,0,0,100.0
FBgn0031575,Cep97,3,3,3,0,0,100.0
FBgn0010213,Sod2,8,8,8,0,0,100.0
FBgn0266417,ringer,3,3,3,0,0,100.0
FBgn0086129,snama,9,9,9,0,0,100.0
FBgn0039306,RIOK2,5,5,5,0,0,100.0
FBgn0260959,MCPH1,4,4,4,0,0,100.0
FBgn0013751,Awh,14,14,14,0,0,100.0
FBgn0030293,CG1737,5,5,5,0,0,100.0
FBgn0027343,fz3,11,11,11,0,0,100.0
FBgn0000253,Cam,28,28,28,0,0,100.0
FBgn0086532,Spt-I,4,4,4,0,0,100.0
FBgn0012344,Dh44,2,2,2,0,0,100.0
FBgn0053182,Kdm4B,6,6,6,0,0,100.0
FBgn0035657,alphaKap4,2,1,1,0,0,100.0
FBgn0032290,CG6443,2,2,2,0,0,100.0
FBgn0032857,CG10947,2,2,2,0,0,100.0
FBgn0001170,H2.0,7,7,7,0,0,100.0
FBgn0039638,dgt6,6,6,6,0,0,100.0
FBgn0016926,Pino,2,2,2,0,0,100.0
FBgn0004242,Syt1,6,6,6,0,0,100.0
FBgn0030409,CG15728,4,4,4,0,0,100.0
FBgn0264606,Fife,2,2,2,0,0,100.0
FBgn0027594,drpr,5,5,5,0,0,100.0
FBgn0020412,JIL-1,39,39,39,0,0,100.0
FBgn0038975,Nrx-1,3,3,3,0,0,100.0
FBgn0019957,ND-42,8,8,8,0,0,100.0
FBgn0010038,GstD2,30,30,30,0,0,100.0
FBgn0032586,Tpr2,2,2,2,0,0,100.0
FBgn0266450,Kr-h1,13,13,13,0,0,100.0
FBgn0037653,Iru,6,6,6,0,0,100.0
FBgn0030796,CG4829,3,3,3,0,0,100.0
FBgn0005660,Ets21C,12,12,12,0,0,100.0
FBgn0030768,CG9723,2,2,2,0,0,100.0
FBgn0010423,TpnC47D,2,2,2,0,0,100.0
FBgn0050467,CG30467,4,4,4,0,0,100.0
FBgn0020224,Cbl,3,3,3,0,0,100.0
FBgn0053113,Rtnl1,14,13,13,0,0,100.0
FBgn0035193,,2,0,0,0,0,
FBgn0036710,CG6479,2,2,2,0,0,100.0
FBgn0037926,Elp1,2,2,2,0,0,100.0
FBgn0030431,CG4407,2,2,2,0,0,100.0
FBgn0051361,dpr17,2,2,2,0,0,100.0
FBgn0037786,Alp13,14,14,14,0,0,100.0
FBgn0003401,shu,2,2,2,0,0,100.0
FBgn0003319,Sb,60,60,60,0,0,100.0
FBgn0051374,sals,2,2,2,0,0,100.0
FBgn0013305,Nmda1,3,3,3,0,0,100.0
FBgn0260861,Trs23,4,4,4,0,0,100.0
FBgn0013753,Bgb,6,6,6,0,0,100.0
FBgn0003520,stau,14,14,14,0,0,100.0
FBgn0050077,Blos1,7,7,7,0,0,100.0
FBgn0261458,capt,26,26,26,0,0,100.0
FBgn0034520,lms,20,20,20,0,0,100.0
FBgn0262581,CG43121,5,5,5,0,0,100.0
FBgn0035063,CG3594,11,11,11,0,0,100.0
FBgn0286071,AdamTS-A,3,3,3,0,0,100.0
FBgn0261573,CoRest,9,9,9,0,0,100.0
FBgn0030685,Graf,2,2,2,0,0,100.0
FBgn0005654,Orc3,3,3,3,0,0,100.0
FBgn0037120,CG11247,2,2,2,0,0,100.0
FBgn0033897,Rcd1,11,11,11,0,0,100.0
FBgn0031375,erm,3,3,3,0,0,100.0
FBgn0046225,CG17230,5,4,4,0,0,100.0
FBgn0010041,GstD5,29,29,29,0,0,100.0
FBgn0083981,RunxA,5,5,5,0,0,100.0
FBgn0015621,Clp,2,2,2,0,0,100.0
FBgn0027538,beta4GalNAcTA,12,12,12,0,0,100.0
FBgn0037351,RpL13A,21,21,21,0,0,100.0
FBgn0027378,MRG15,20,20,20,0,0,100.0
FBgn0262126,Sec24CD,6,5,5,0,0,100.0
FBgn0000339,cni,2,2,2,0,0,100.0
FBgn0051716,Cnot4,6,6,6,0,0,100.0
FBgn0037117,,6,0,0,0,0,
FBgn0035956,Doc2,8,8,8,0,0,100.0
FBgn0002973,numb,14,14,14,0,0,100.0
FBgn0032705,Grip71,2,2,2,0,0,100.0
FBgn0040528,CG15864,22,22,22,0,0,100.0
FBgn0051158,Efa6,3,3,3,0,0,100.0
FBgn0031377,CG15356,5,5,5,0,0,100.0
FBgn0031426,CG18641,2,2,2,0,0,100.0
FBgn0004888,Scsalpha1,6,6,6,0,0,100.0
FBgn0028988,Spn42Dd,7,7,7,0,0,100.0
FBgn0039354,Lgr3,2,2,2,0,0,100.0
FBgn0010441,pll,17,17,17,0,0,100.0
FBgn0029885,CG3224,6,6,6,0,0,100.0
FBgn0026573,ADD1,4,4,4,0,0,100.0
FBgn0000283,Cp190,23,23,23,0,0,100.0
FBgn0000181,bic,20,20,20,0,0,100.0
FBgn0026259,eIF5B,5,5,5,0,0,100.0
FBgn0031213,galectin,2,2,2,0,0,100.0
FBgn0037647,RagA-B,3,3,3,0,0,100.0
FBgn0036970,Spn77Bc,2,2,2,0,0,100.0
FBgn0046698,Pp1-Y2,25,25,25,0,0,100.0
FBgn0010602,lwr,27,27,27,0,0,100.0
FBgn0061360,CG33672,3,3,3,0,0,100.0
FBgn0000083,AnxB9,31,31,31,0,0,100.0
FBgn0036512,CG16979,2,2,2,0,0,100.0
FBgn0261524,lic,25,25,25,0,0,100.0
FBgn0033668,exp,2,2,2,0,0,100.0
FBgn0039335,Vps33B,2,2,2,0,0,100.0
FBgn0004870,bab1,6,6,6,0,0,100.0
FBgn0037325,CG12147,42,42,42,0,0,100.0
FBgn0265190,PIG-S,4,4,4,0,0,100.0
FBgn0010039,GstD3,30,30,30,0,0,100.0
FBgn0024196,robl,5,5,5,0,0,100.0
FBgn0041092,tai,4,4,4,0,0,100.0
FBgn0039965,Coa7,3,3,3,0,0,100.0
FBgn0039858,CycG,37,36,36,0,0,100.0
FBgn0033609,Fbl6,2,2,2,0,0,100.0
FBgn0033482,CG1371,7,7,7,0,0,100.0
FBgn0001235,hth,16,16,16,0,0,100.0
FBgn0011747,Ank,2,2,2,0,0,100.0
FBgn0020622,Pi3K21B,18,17,17,0,0,100.0
FBgn0025776,ind,5,5,5,0,0,100.0
FBgn0029118,ScsbetaG,5,5,5,0,0,100.0
FBgn0046332,gskt,26,26,26,0,0,100.0
FBgn0038772,mdlc,3,3,3,0,0,100.0
FBgn0032511,ND-B22,8,8,8,0,0,100.0
FBgn0032256,RluA-2,2,2,2,0,0,100.0
FBgn0038244,CG7987,5,5,5,0,0,100.0
FBgn0000036,nAChRalpha1,3,3,3,0,0,100.0
FBgn0032398,CG6766,7,7,7,0,0,100.0
FBgn0030100,CG12106,4,4,4,0,0,100.0
FBgn0029944,Dok,6,6,6,0,0,100.0
FBgn0026175,SkpC,9,9,9,0,0,100.0
FBgn0067629,CG33332,3,3,3,0,0,100.0
FBgn0039640,CG14516,4,4,4,0,0,100.0
FBgn0000578,ena,38,38,38,0,0,100.0
FBgn0014163,fax,22,22,22,0,0,100.0
FBgn0266100,CG44837,3,3,3,0,0,100.0
FBgn0015524,otp,17,17,17,0,0,100.0
FBgn0030800,Nprl2,6,6,6,0,0,100.0
FBgn0267861,Maf1,7,7,7,0,0,100.0
FBgn0034240,MESR4,2,2,2,0,0,100.0
FBgn0052121,CG32121,6,6,6,0,0,100.0
FBgn0262743,Fs(2)Ket,4,4,4,0,0,100.0
FBgn0036118,Blos2,8,8,8,0,0,100.0
FBgn0050324,CG30324,3,3,3,0,0,100.0
FBgn0037620,ranshi,3,3,3,0,0,100.0
FBgn0038760,MED25,19,19,19,0,0,100.0
FBgn0010352,Nc73EF,4,4,4,0,0,100.0
FBgn0033055,Tbce,2,2,2,0,0,100.0
FBgn0050390,Sgf29,7,7,7,0,0,100.0
FBgn0017457,U2af38,5,5,5,0,0,100.0
FBgn0040080,pins,20,20,20,0,0,100.0
FBgn0000588,esc,35,35,35,0,0,100.0
FBgn0264273,Sema2b,6,6,6,0,0,100.0
FBgn0063497,GstE3,28,28,28,0,0,100.0
FBgn0034667,comr,4,4,4,0,0,100.0
FBgn0023215,Mnt,6,6,6,0,0,100.0
FBgn0052708,CG32708,2,2,2,0,0,100.0
FBgn0031016,kek5,2,2,2,0,0,100.0
FBgn0033401,Cog6,7,7,7,0,0,100.0
FBgn0034224,insb,5,5,5,0,0,100.0
FBgn0036742,CG7497,16,16,16,0,0,100.0
FBgn0036787,CG4306,3,3,3,0,0,100.0
FBgn0014857,His3.3A,11,11,11,0,0,100.0
FBgn0014020,Rho1,56,55,55,0,0,100.0
FBgn0034948,PPP1R15,4,4,4,0,0,100.0
FBgn0038055,trus,3,3,3,0,0,100.0
FBgn0003861,trp,3,3,3,0,0,100.0
FBgn0024987,ssx,4,4,4,0,0,100.0
FBgn0013278,Hsp70Bb,16,16,16,0,0,100.0
FBgn0032004,CG8292,3,3,3,0,0,100.0
FBgn0036320,,2,0,0,0,0,
FBgn0039269,veli,6,6,6,0,0,100.0
FBgn0015295,Shark,9,9,9,0,0,100.0
FBgn0260798,Gprk1,5,5,5,0,0,100.0
FBgn0259099,DCX-EMAP,3,3,3,0,0,100.0
FBgn0038708,Scsalpha2,4,4,4,0,0,100.0
FBgn0033297,Mal-A8,4,4,4,0,0,100.0
FBgn0039783,PH4alphaNE2,22,22,22,0,0,100.0
FBgn0029912,CG4557,7,7,7,0,0,100.0
FBgn0024352,Stip1,20,20,20,0,0,100.0
FBgn0000351,cort,3,3,3,0,0,100.0
FBgn0024985,Rilpl,3,3,3,0,0,100.0
FBgn0003720,tll,12,12,12,0,0,100.0
FBgn0005683,pie,11,11,11,0,0,100.0
FBgn0067779,dbr,3,3,3,0,0,100.0
FBgn0031298,Atg4a,7,7,7,0,0,100.0
FBgn0011288,Snap25,18,18,18,0,0,100.0
FBgn0032322,CG16743,3,3,3,0,0,100.0
FBgn0023214,edl,2,2,2,0,0,100.0
FBgn0260635,Diap1,19,19,19,0,0,100.0
FBgn0002940,ninaE,3,3,3,0,0,100.0
FBgn0034877,levy,3,3,3,0,0,100.0
FBgn0016797,fz2,12,12,12,0,0,100.0
FBgn0029873,CG3918,6,6,6,0,0,100.0
FBgn0020369,Rpt6,13,13,13,0,0,100.0
FBgn0034573,CG3295,7,7,7,0,0,100.0
FBgn0086657,IKKepsilon,10,10,10,0,0,100.0
FBgn0039862,kek6,2,2,2,0,0,100.0
FBgn0032429,CG5446,6,6,6,0,0,100.0
FBgn0004367,mei-41,7,7,7,0,0,100.0
FBgn0037891,CG5214,3,3,3,0,0,100.0
FBgn0030018,slpr,35,35,35,0,0,100.0
FBgn0035445,Ids,7,7,7,0,0,100.0
FBgn0032818,CG10628,2,2,2,0,0,100.0
FBgn0028692,Rpn2,9,9,9,0,0,100.0
FBgn0028932,CG16890,2,2,2,0,0,100.0
FBgn0263911,COX8,4,4,4,0,0,100.0
FBgn0020508,Ag5r2,9,9,9,0,0,100.0
FBgn0038810,Srp72,35,35,35,0,0,100.0
FBgn0010638,Sec61beta,2,2,2,0,0,100.0
FBgn0031459,HINT1,9,9,9,0,0,100.0
FBgn0039562,Gp93,22,22,22,0,0,100.0
FBgn0032535,Ance-2,9,9,9,0,0,100.0
FBgn0027619,eIF3j,7,7,7,0,0,100.0
FBgn0261850,Xpd,2,2,2,0,0,100.0
FBgn0038149,GILT1,7,7,7,0,0,100.0
FBgn0259113,DNApol-alpha180,8,8,8,0,0,100.0
FBgn0023175,Prosalpha7,13,13,13,0,0,100.0
FBgn0038947,Sar1,6,5,5,0,0,100.0
FBgn0016977,spen,5,5,5,0,0,100.0
FBgn0026402,NiPp1,5,5,5,0,0,100.0
FBgn0036255,Atg12,5,5,5,0,0,100.0
FBgn0283438,CG46280,2,2,2,0,0,100.0
FBgn0032401,Plzf,2,2,2,0,0,100.0
FBgn0038463,CG3534,2,2,2,0,0,100.0
FBgn0029067,Dd,5,5,5,0,0,100.0
FBgn0050360,Mal-A6,4,4,4,0,0,100.0
FBgn0260407,mRpS23,6,6,6,0,0,100.0
FBgn0035830,CG8209,2,2,2,0,0,100.0
FBgn0011225,jar,5,5,5,0,0,100.0
FBgn0026878,CG4325,12,11,11,0,0,100.0
FBgn0035620,Alp9,13,13,13,0,0,100.0
FBgn0035348,CG16758,2,2,2,0,0,100.0
FBgn0032400,CG6770,3,3,3,0,0,100.0
FBgn0033199,CG17985,6,6,6,0,0,100.0
FBgn0021872,Xbp1,9,9,9,0,0,100.0
FBgn0039713,RpS8,23,23,23,0,0,100.0
FBgn0037760,FBXO11,2,2,2,0,0,100.0
FBgn0003015,osk,9,9,9,0,0,100.0
FBgn0027259,Kmn1,5,5,5,0,0,100.0
FBgn0030017,CG2278,2,2,2,0,0,100.0
FBgn0038816,Lrrk,2,2,2,0,0,100.0
FBgn0030049,Trf4-1,4,4,4,0,0,100.0
FBgn0003885,alphaTub84D,3,3,3,0,0,100.0
FBgn0035208,,6,0,0,0,0,
FBgn0031971,Sirup,3,3,3,0,0,100.0
FBgn0029718,mRpL30,2,2,2,0,0,100.0
FBgn0001296,kar,3,3,3,0,0,100.0
FBgn0020307,dve,2,2,2,0,0,100.0
FBgn0023506,Es2,3,3,3,0,0,100.0
FBgn0023181,Orc4,4,4,4,0,0,100.0
FBgn0024326,Mkk4,30,30,30,0,0,100.0
FBgn0019809,gcm2,6,6,6,0,0,100.0
FBgn0032487,Ski6,17,17,17,0,0,100.0
FBgn0003517,sta,23,23,23,0,0,100.0
FBgn0266720,Snap24,21,21,21,0,0,100.0
FBgn0267975,vib,2,2,2,0,0,100.0
FBgn0034753,CG2852,49,49,49,0,0,100.0
FBgn0039887,CG2053,2,2,2,0,0,100.0
FBgn0034576,ND-B14.7,4,4,4,0,0,100.0
FBgn0038478,cal1,4,4,4,0,0,100.0
FBgn0052666,Drak,4,4,4,0,0,100.0
FBgn0003464,sol,20,18,18,0,0,100.0
FBgn0001077,ftz,15,15,15,0,0,100.0
FBgn0039469,TwdlC,2,2,2,0,0,100.0
FBgn0036728,UQCR-Q,4,4,4,0,0,100.0
FBgn0260761,CG42559,2,2,2,0,0,100.0
FBgn0051694,CG31694,9,9,9,0,0,100.0
FBgn0001983,wor,12,12,12,0,0,100.0
FBgn0050291,CG30291,2,2,2,0,0,100.0
FBgn0030943,Nup35,3,3,3,0,0,100.0
FBgn0010109,dpn,12,12,12,0,0,100.0
FBgn0035232,CG12099,3,3,3,0,0,100.0
FBgn0024920,Ts,2,2,2,0,0,100.0
FBgn0035903,CG6765,4,4,4,0,0,100.0
FBgn0039559,NSD,2,2,2,0,0,100.0
FBgn0025455,CycT,33,33,33,0,0,100.0
FBgn0038331,Ccm3,2,2,2,0,0,100.0
FBgn0265137,Spn42Da,2,2,2,0,0,100.0
FBgn0030122,Aladin,4,4,4,0,0,100.0
FBgn0033233,Kdm4A,17,17,17,0,0,100.0
FBgn0040385,,9,0,0,0,0,
FBgn0034606,ASPP,13,13,13,0,0,100.0
FBgn0053548,SmydA-8,4,4,4,0,0,100.0
FBgn0030240,CG2202,2,2,2,0,0,100.0
FBgn0021761,Nup154,4,4,4,0,0,100.0
FBgn0040281,Aplip1,5,5,5,0,0,100.0
FBgn0261789,SmD2,23,23,23,0,0,100.0
FBgn0035139,CG13891,2,2,2,0,0,100.0
FBgn0034065,Rrp42,22,22,22,0,0,100.0
FBgn0037270,eIF3f1,8,8,8,0,0,100.0
FBgn0025777,homer,10,10,10,0,0,100.0
FBgn0000008,a,5,5,5,0,0,100.0
FBgn0002561,l(1)sc,7,7,7,0,0,100.0
FBgn0051935,,2,0,0,0,0,
FBgn0035101,p130CAS,2,2,2,0,0,100.0
FBgn0004837,Su(H),26,26,26,0,0,100.0
FBgn0028531,CG15286,2,2,2,0,0,100.0
FBgn0036128,Elo68beta,2,2,2,0,0,100.0
FBgn0001297,kay,35,35,35,0,0,100.0
FBgn0010287,Trf,6,6,6,0,0,100.0
FBgn0013263,Trl,20,20,20,0,0,100.0
FBgn0027602,CG8611,3,3,3,0,0,100.0
FBgn0037466,CG1965,5,5,5,0,0,100.0
FBgn0026250,eIF1A,8,8,8,0,0,100.0
FBgn0267967,corolla,4,4,4,0,0,100.0
FBgn0036813,Atg3,5,5,5,0,0,100.0
FBgn0034368,zda,14,14,14,0,0,100.0
FBgn0053129,CG33129,3,3,3,0,0,100.0
FBgn0036891,CG9372,2,2,2,0,0,100.0
FBgn0032473,kmg,5,5,5,0,0,100.0
FBgn0032374,CG14931,2,2,2,0,0,100.0
FBgn0005671,Vha55,8,8,8,0,0,100.0
FBgn0034455,CG11007,9,9,9,0,0,100.0
FBgn0011754,PhKgamma,2,2,2,0,0,100.0
FBgn0033782,sug,8,8,8,0,0,100.0
FBgn0032404,RpL7-like,22,22,22,0,0,100.0
FBgn0036246,,2,0,0,0,0,
FBgn0035206,sturkopf,2,2,2,0,0,100.0
FBgn0036222,SdhAL,4,4,4,0,0,100.0
FBgn0086913,Rab26,2,1,1,0,0,100.0
FBgn0264922,smt3,63,63,63,0,0,100.0
FBgn0051618,His2A:CG31618,8,8,8,0,0,100.0
FBgn0263987,spoon,6,6,6,0,0,100.0
FBgn0030483,CG12725,2,2,2,0,0,100.0
FBgn0032485,CG9426,10,10,10,0,0,100.0
FBgn0051658,Nnf1b,6,6,6,0,0,100.0
FBgn0035122,mRpL17,5,5,5,0,0,100.0
FBgn0029148,NHP2,5,5,5,0,0,100.0
FBgn0035077,,2,0,0,0,0,
FBgn0032243,Klp31E,2,2,2,0,0,100.0
FBgn0261624,I-3,4,4,4,0,0,100.0
FBgn0016650,Lgr1,5,5,5,0,0,100.0
FBgn0260439,Pp2A-29B,15,14,14,0,0,100.0
FBgn0033101,CG9436,5,5,5,0,0,100.0
FBgn0039041,,5,0,0,0,0,
FBgn0031643,CG3008,10,10,10,0,0,100.0
FBgn0028410,Pk34A,19,19,19,0,0,100.0
FBgn0033366,Ance-4,3,3,3,0,0,100.0
FBgn0038691,CG5250,5,5,5,0,0,100.0
FBgn0031784,CG9222,9,9,9,0,0,100.0
FBgn0004087,Dhfr,3,3,3,0,0,100.0
FBgn0053505,U3-55K,3,3,3,0,0,100.0
FBgn0020258,ppk,3,3,3,0,0,100.0
FBgn0038188,Art9,2,2,2,0,0,100.0
FBgn0004893,bowl,9,9,9,0,0,100.0
FBgn0013681,ND3,5,5,5,0,0,100.0
FBgn0004103,Pp1-87B,64,63,63,0,0,100.0
FBgn0038539,Atg8b,15,15,15,0,0,100.0
FBgn0033971,CG10209,21,21,21,0,0,100.0
FBgn0035688,fmt,4,4,4,0,0,100.0
FBgn0003139,PpV,38,38,38,0,0,100.0
FBgn0263738,Ada2a,8,8,8,0,0,100.0
FBgn0052230,ND-MLRQ,5,5,5,0,0,100.0
FBgn0286567,gry,5,5,5,0,0,100.0
FBgn0051515,CG31515,2,2,2,0,0,100.0
FBgn0050447,CG30447,2,2,2,0,0,100.0
FBgn0032089,Rcd-1r,4,4,4,0,0,100.0
FBgn0261397,didum,12,12,12,0,0,100.0
FBgn0037722,CG8319,4,3,3,0,0,100.0
FBgn0001120,gnu,9,9,9,0,0,100.0
FBgn0032312,CG14071,2,2,2,0,0,100.0
FBgn0037008,mTerf3,4,4,4,0,0,100.0
FBgn0250837,dUTPase,7,7,7,0,0,100.0
FBgn0032651,Oli,7,7,7,0,0,100.0
FBgn0039019,HP1c,36,36,36,0,0,100.0
FBgn0033348,Spt,3,3,3,0,0,100.0
FBgn0036570,IntS9,5,5,5,0,0,100.0
FBgn0037007,BNIP3,12,12,12,0,0,100.0
FBgn0027360,Tim10,3,3,3,0,0,100.0
FBgn0034558,Cib2,7,7,7,0,0,100.0
FBgn0033605,CG9067,5,5,5,0,0,100.0
FBgn0001977,CIAPIN1,3,3,3,0,0,100.0
FBgn0023395,Chd3,3,3,3,0,0,100.0
FBgn0028952,Kebab,3,3,3,0,0,100.0
FBgn0267351,Topors,2,2,2,0,0,100.0
FBgn0003175,px,3,3,3,0,0,100.0
FBgn0035900,ZC3H3,3,3,3,0,0,100.0
FBgn0051755,SoYb,3,3,3,0,0,100.0
FBgn0037491,CG1227,2,2,2,0,0,100.0
FBgn0052369,CG32369,8,8,8,0,0,100.0
FBgn0025637,SkpA,38,37,37,0,0,100.0
FBgn0003482,spn-D,2,2,2,0,0,100.0
FBgn0027528,goe,2,2,2,0,0,100.0
FBgn0001994,crp,7,7,7,0,0,100.0
FBgn0029893,CG14442,2,2,2,0,0,100.0
FBgn0031710,Vps52,2,2,2,0,0,100.0
FBgn0008635,betaCOP,13,13,13,0,0,100.0
FBgn0061209,His2B:CG17949,9,9,9,0,0,100.0
FBgn0016041,Tom40,2,2,2,0,0,100.0
FBgn0031597,CG17612,2,2,2,0,0,100.0
FBgn0033367,PPO2,2,2,2,0,0,100.0
FBgn0038300,Mau2,2,2,2,0,0,100.0
FBgn0038678,mRpL55,3,3,3,0,0,100.0
FBgn0028342,ATPsyndelta,4,4,4,0,0,100.0
FBgn0085411,CG34382,2,2,2,0,0,100.0
FBgn0038934,Gld2,4,4,4,0,0,100.0
FBgn0039780,PH4alphaNE1,20,20,20,0,0,100.0
FBgn0035001,Slik,2,2,2,0,0,100.0
FBgn0037475,Fer1,2,2,2,0,0,100.0
FBgn0030605,ND-B18,5,5,5,0,0,100.0
FBgn0086472,RpS25,24,24,24,0,0,100.0
FBgn0036334,CG11267,2,2,2,0,0,100.0
FBgn0032138,CG4364,14,14,14,0,0,100.0
FBgn0000479,dnc,2,2,2,0,0,100.0
FBgn0261550,CG42668,3,3,3,0,0,100.0
FBgn0000667,Actn,4,4,4,0,0,100.0
FBgn0015271,Orc5,4,4,4,0,0,100.0
FBgn0264738,CG43996,4,3,3,0,0,100.0
FBgn0031947,CG7154,2,2,2,0,0,100.0
FBgn0029928,CG3032,2,2,2,0,0,100.0
FBgn0031357,mRpL48,3,3,3,0,0,100.0
FBgn0038834,RpS30,26,26,26,0,0,100.0
FBgn0004892,sob,2,2,2,0,0,100.0
FBgn0041097,robo3,3,3,3,0,0,100.0
FBgn0262801,twr,15,15,15,0,0,100.0
FBgn0051682,Tengl1,3,3,3,0,0,100.0
FBgn0051098,CG31098,4,4,4,0,0,100.0
FBgn0034744,Vps20,3,3,3,0,0,100.0
FBgn0037882,CG17187,2,2,2,0,0,100.0
FBgn0259712,CG42366,7,7,7,0,0,100.0
FBgn0030538,betaNACtes1,4,4,4,0,0,100.0
FBgn0037981,Spt3,9,9,9,0,0,100.0
FBgn0036627,Gagr,2,2,2,0,0,100.0
FBgn0003748,Treh,5,5,5,0,0,100.0
FBgn0036501,CG7272,2,2,2,0,0,100.0
FBgn0032816,Nf-YB,4,4,4,0,0,100.0
FBgn0039859,CG11539,2,2,2,0,0,100.0
FBgn0086378,Alg-2,2,2,2,0,0,100.0
FBgn0051413,Qsox4,3,3,3,0,0,100.0
FBgn0011336,Stt3B,2,2,2,0,0,100.0
FBgn0287204,Cog8,2,2,2,0,0,100.0
FBgn0011766,E2f1,37,37,37,0,0,100.0
FBgn0265974,ttv,2,2,2,0,0,100.0
FBgn0030301,HP5,11,11,11,0,0,100.0
FBgn0051638,CG31638,4,3,3,0,0,100.0
FBgn0030881,CG12985,4,4,4,0,0,100.0
FBgn0020626,Osbp,4,4,4,0,0,100.0
FBgn0036160,CG12289,2,2,2,0,0,100.0
FBgn0013432,bcn92,2,2,2,0,0,100.0
FBgn0031412,CG16995,2,2,2,0,0,100.0
FBgn0036928,Tom20,51,51,51,0,0,100.0
FBgn0035357,MEP-1,11,11,11,0,0,100.0
FBgn0004896,fd59A,15,14,14,0,0,100.0
FBgn0027930,MP1,4,4,4,0,0,100.0
FBgn0001114,Glt,3,3,3,0,0,100.0
FBgn0262029,d,7,7,7,0,0,100.0
FBgn0034939,thoc5,5,5,5,0,0,100.0
FBgn0005674,GluProRS,9,9,9,0,0,100.0
FBgn0033264,Nup50,15,14,14,0,0,100.0
FBgn0030552,mRpL38,5,5,5,0,0,100.0
FBgn0001280,janA,2,2,2,0,0,100.0
FBgn0003396,shn,8,8,8,0,0,100.0
FBgn0038473,Ns1,7,7,7,0,0,100.0
FBgn0001230,Hsp68,9,9,9,0,0,100.0
FBgn0260748,,3,0,0,0,0,
FBgn0013325,RpL11,8,8,8,0,0,100.0
FBgn0031619,CG3355,17,17,17,0,0,100.0
FBgn0023076,Clk,8,8,8,0,0,100.0
FBgn0036277,CG10418,11,11,11,0,0,100.0
FBgn0025613,CG3081,10,10,10,0,0,100.0
FBgn0262728,Pal2,2,2,2,0,0,100.0
FBgn0038818,Nep4,5,5,5,0,0,100.0
FBgn0266709,Zmynd10,2,2,2,0,0,100.0
FBgn0262579,Sarm,8,8,8,0,0,100.0
FBgn0030425,Nep6,6,6,6,0,0,100.0
FBgn0266708,Cep89,2,2,2,0,0,100.0
FBgn0027507,CG1344,2,2,2,0,0,100.0
FBgn0259676,DNApol-alpha60,4,4,4,0,0,100.0
FBgn0030091,CG7065,2,2,2,0,0,100.0
FBgn0001226,Hsp27,7,7,7,0,0,100.0
FBgn0024491,Bin1,6,6,6,0,0,100.0
FBgn0027841,CstF64,4,4,4,0,0,100.0
FBgn0035005,CG3483,6,6,6,0,0,100.0
FBgn0033526,Caf1-105,12,12,12,0,0,100.0
FBgn0036306,CG10973,4,4,4,0,0,100.0
FBgn0051441,CG31441,2,2,2,0,0,100.0
FBgn0036774,mRpS26,9,9,9,0,0,100.0
FBgn0005613,Sox15,14,14,14,0,0,100.0
FBgn0000477,DNaseII,2,2,2,0,0,100.0
FBgn0000723,FER,5,5,5,0,0,100.0
FBgn0034879,Rrp4,9,9,9,0,0,100.0
FBgn0030884,CG6847,3,3,3,0,0,100.0
FBgn0028573,prc,3,3,3,0,0,100.0
FBgn0031681,Pgant5,10,10,10,0,0,100.0
FBgn0038547,CG17803,3,3,3,0,0,100.0
FBgn0042186,CG17239,2,2,2,0,0,100.0
FBgn0052104,CG32104,2,2,2,0,0,100.0
FBgn0036827,CG6843,10,9,9,0,0,100.0
FBgn0024432,Dlc90F,4,4,4,0,0,100.0
FBgn0046763,CG17278,3,3,3,0,0,100.0
FBgn0011666,msi,7,7,7,0,0,100.0
FBgn0051204,CG31204,2,2,2,0,0,100.0
FBgn0035776,CG8564,2,2,2,0,0,100.0
FBgn0286818,Pdi,26,26,26,0,0,100.0
FBgn0002023,Lim3,17,17,17,0,0,100.0
FBgn0002571,Mal-A3,7,7,7,0,0,100.0
FBgn0285917,sbb,2,2,2,0,0,100.0
FBgn0019949,Cdk9,50,50,50,0,0,100.0
FBgn0032637,CG5050,4,4,4,0,0,100.0
FBgn0024956,Mat1,3,3,3,0,0,100.0
FBgn0004052,Z600,6,6,6,0,0,100.0
FBgn0032656,CG5674,7,7,7,0,0,100.0
FBgn0036415,CG7768,3,3,3,0,0,100.0
FBgn0250746,Prosbeta7,7,7,7,0,0,100.0
FBgn0266717,Bruce,2,2,2,0,0,100.0
FBgn0011668,Mst57Da,3,3,3,0,0,100.0
FBgn0037659,Kdm2,3,3,3,0,0,100.0
FBgn0086698,frtz,4,4,4,0,0,100.0
FBgn0032490,CG16813,6,6,6,0,0,100.0
FBgn0024288,Sox100B,5,5,5,0,0,100.0
FBgn0037751,topi,2,2,2,0,0,100.0
FBgn0028515,EndoGI,5,5,5,0,0,100.0
FBgn0051663,CG31663,3,3,3,0,0,100.0
FBgn0040074,retinin,4,4,4,0,0,100.0
FBgn0051342,CG31342,2,2,2,0,0,100.0
FBgn0283494,Adk2,2,2,2,0,0,100.0
FBgn0052676,stx,2,2,2,0,0,100.0
FBgn0002736,mago,8,8,8,0,0,100.0
FBgn0011284,RpS4,15,15,15,0,0,100.0
FBgn0003068,per,9,9,9,0,0,100.0
FBgn0025525,bab2,2,2,2,0,0,100.0
FBgn0037643,ScsbetaA,6,6,6,0,0,100.0
FBgn0014026,RpL7A,20,20,20,0,0,100.0
FBgn0038325,Atg4b,4,4,4,0,0,100.0
FBgn0028737,eEF1beta,2,2,2,0,0,100.0
FBgn0027529,tapas,2,2,2,0,0,100.0
FBgn0032209,Hand,7,7,7,0,0,100.0
FBgn0264442,ab,7,7,7,0,0,100.0
FBgn0036318,Wbp2,6,6,6,0,0,100.0
FBgn0016919,nompB,3,3,3,0,0,100.0
FBgn0034415,CG15116,5,5,5,0,0,100.0
FBgn0052548,CG32548,4,4,4,0,0,100.0
FBgn0034893,mRpL43,6,6,6,0,0,100.0
FBgn0005427,ewg,8,8,8,0,0,100.0
FBgn0032518,RpL24,19,19,19,0,0,100.0
FBgn0031434,insv,3,3,3,0,0,100.0
FBgn0031263,Tspo,3,3,3,0,0,100.0
FBgn0032660,elfless,2,2,2,0,0,100.0
FBgn0034724,babos,2,2,2,0,0,100.0
FBgn0036786,skl,2,2,2,0,0,100.0
FBgn0005355,Su(fu),5,5,5,0,0,100.0
FBgn0034964,IntS1,3,3,3,0,0,100.0
FBgn0002569,Mal-A2,4,4,4,0,0,100.0
FBgn0014455,Ahcy,3,3,3,0,0,100.0
FBgn0034494,CG10444,2,2,2,0,0,100.0
FBgn0017545,RpS3A,11,11,11,0,0,100.0
FBgn0040359,CG11380,7,6,6,0,0,100.0
FBgn0030223,CG2111,8,8,8,0,0,100.0
FBgn0035709,eIF4E4,3,3,3,0,0,100.0
FBgn0016930,Dyrk2,31,31,31,0,0,100.0
FBgn0026777,Rad23,5,5,5,0,0,100.0
FBgn0020381,Dredd,18,18,18,0,0,100.0
FBgn0038957,CG7059,2,2,2,0,0,100.0
FBgn0035432,ZnT63C,8,8,8,0,0,100.0
FBgn0014388,sty,16,16,16,0,0,100.0
FBgn0010416,TH1,5,5,5,0,0,100.0
FBgn0086656,shrb,15,15,15,0,0,100.0
FBgn0033205,CG2064,7,7,7,0,0,100.0
FBgn0003209,raw,2,2,2,0,0,100.0
FBgn0034491,Hsl,4,4,4,0,0,100.0
FBgn0031772,CG13994,5,5,5,0,0,100.0
FBgn0038505,CG17283,3,3,3,0,0,100.0
FBgn0000046,Act87E,8,8,8,0,0,100.0
FBgn0034104,CG15705,2,2,2,0,0,100.0
FBgn0036285,toe,2,2,2,0,0,100.0
FBgn0039476,CG6271,5,5,5,0,0,100.0
FBgn0014127,barr,5,5,5,0,0,100.0
FBgn0259210,prom,2,2,2,0,0,100.0
FBgn0032030,Wdr82,5,5,5,0,0,100.0
FBgn0035703,,2,0,0,0,0,
FBgn0010225,Gel,2,2,2,0,0,100.0
FBgn0005696,DNApol-alpha73,6,6,6,0,0,100.0
FBgn0029874,CG3342,14,14,14,0,0,100.0
FBgn0039623,CG1951,5,5,5,0,0,100.0
FBgn0264978,Slh,8,8,8,0,0,100.0
FBgn0020391,Nrk,13,13,13,0,0,100.0
FBgn0029897,RpL17,26,26,26,0,0,100.0
FBgn0035251,Vta1,27,27,27,0,0,100.0
FBgn0015247,Diap2,21,20,20,0,0,100.0
FBgn0029801,CG15771,6,6,6,0,0,100.0
FBgn0037442,gzl,3,3,3,0,0,100.0
FBgn0004957,por,5,5,5,0,0,100.0
FBgn0013759,CASK,11,11,11,0,0,100.0
FBgn0264298,CG43776,6,6,6,0,0,100.0
FBgn0026079,Nsun2,3,3,3,0,0,100.0
FBgn0034001,mRpL41,3,3,3,0,0,100.0
FBgn0032397,Tom70,4,4,4,0,0,100.0
FBgn0011207,pelo,3,3,3,0,0,100.0
FBgn0032408,CG6712,14,14,14,0,0,100.0
FBgn0263832,Rcd5,20,18,18,0,0,100.0
FBgn0036183,CG6083,3,3,3,0,0,100.0
FBgn0040235,c12.1,3,3,3,0,0,100.0
FBgn0052350,Vps11,5,5,5,0,0,100.0
FBgn0262975,cnc,13,12,12,0,0,100.0
FBgn0015379,dod,36,36,36,0,0,100.0
FBgn0261067,LSm1,8,8,8,0,0,100.0
FBgn0037525,CG17816,4,4,4,0,0,100.0
FBgn0037506,Mics1,5,5,5,0,0,100.0
FBgn0003071,Pfk,2,2,2,0,0,100.0
FBgn0050169,Brca2,6,6,6,0,0,100.0
FBgn0013467,igl,2,2,2,0,0,100.0
FBgn0032291,CG17118,2,2,2,0,0,100.0
FBgn0027081,ThrRS,3,3,3,0,0,100.0
FBgn0030478,CG1640,2,2,2,0,0,100.0
FBgn0085227,CG34198,3,3,3,0,0,100.0
FBgn0028694,Rpn11,8,8,8,0,0,100.0
FBgn0036666,TSG101,10,9,9,0,0,100.0
FBgn0005386,ash1,7,7,7,0,0,100.0
FBgn0033791,Drl-2,4,4,4,0,0,100.0
FBgn0031267,Ipk2,2,1,1,0,0,100.0
FBgn0014009,Rab2,15,15,15,0,0,100.0
FBgn0034598,CG4266,2,2,2,0,0,100.0
FBgn0031765,CG9109,2,2,2,0,0,100.0
FBgn0011745,Arp1,9,9,9,0,0,100.0
FBgn0000492,Dr,15,15,15,0,0,100.0
FBgn0261803,CG42749,2,2,2,0,0,100.0
FBgn0040726,dpr1,5,5,5,0,0,100.0
FBgn0036900,CG8765,3,3,3,0,0,100.0
FBgn0003074,Pgi,2,2,2,0,0,100.0
FBgn0051848,CG31848,2,2,2,0,0,100.0
FBgn0017572,Mo25,2,2,2,0,0,100.0
FBgn0261532,cdm,5,5,5,0,0,100.0
FBgn0263106,DnaJ-1,14,12,12,0,0,100.0
FBgn0039234,Nct,3,3,3,0,0,100.0
FBgn0285971,prg,3,3,3,0,0,100.0
FBgn0016984,sktl,2,2,2,0,0,100.0
FBgn0034915,eIF6,5,5,5,0,0,100.0
FBgn0264325,Atg6,12,12,12,0,0,100.0
FBgn0033846,mip120,8,8,8,0,0,100.0
FBgn0030394,Cpr11A,3,3,3,0,0,100.0
FBgn0035370,Non2,5,5,5,0,0,100.0
FBgn0003093,Pkc98E,25,25,25,0,0,100.0
FBgn0038902,CG6800,7,7,7,0,0,100.0
FBgn0052057,dpr10,4,4,4,0,0,100.0
FBgn0039732,CG15525,5,5,5,0,0,100.0
FBgn0033294,Mal-A4,6,6,6,0,0,100.0
FBgn0267912,CanA-14F,48,48,48,0,0,100.0
FBgn0039066,EloA,12,12,12,0,0,100.0
FBgn0032949,Lamp1,17,17,17,0,0,100.0
FBgn0052150,meru,3,3,3,0,0,100.0
FBgn0036915,Prp3,10,10,10,0,0,100.0
FBgn0002707,mei-9,2,2,2,0,0,100.0
FBgn0266452,,4,0,0,0,0,
FBgn0032785,CG10026,3,3,3,0,0,100.0
FBgn0030003,CG2116,6,6,6,0,0,100.0
FBgn0037391,CG2017,7,7,7,0,0,100.0
FBgn0026761,Trap1,5,5,5,0,0,100.0
FBgn0260858,Ykt6,15,15,15,0,0,100.0
FBgn0284255,Arpc4,4,4,4,0,0,100.0
FBgn0023517,Pgam5,13,13,13,0,0,100.0
FBgn0036082,CG12362,2,2,2,0,0,100.0
FBgn0008651,lbl,11,11,11,0,0,100.0
FBgn0039633,CG11873,3,3,3,0,0,100.0
FBgn0001206,Hmr,5,5,5,0,0,100.0
FBgn0030089,AP-1gamma,4,4,4,0,0,100.0
FBgn0003683,term,7,7,7,0,0,100.0
FBgn0015024,CkIalpha,52,52,52,0,0,100.0
FBgn0032453,CG6180,10,10,10,0,0,100.0
FBgn0014011,Rac2,28,28,28,0,0,100.0
FBgn0005779,PpD6,24,24,24,0,0,100.0
FBgn0027101,Dyrk3,24,24,24,0,0,100.0
FBgn0039099,GILT2,3,3,3,0,0,100.0
FBgn0051550,CG31550,7,7,7,0,0,100.0
FBgn0037873,SdhC,5,5,5,0,0,100.0
FBgn0026316,Ubc10,3,3,3,0,0,100.0
FBgn0031549,Spindly,10,10,10,0,0,100.0
FBgn0033548,CG7637,6,6,6,0,0,100.0
FBgn0033702,CG8854,11,10,10,0,0,100.0
FBgn0034379,CG15073,3,3,3,0,0,100.0
FBgn0031106,Syx16,17,17,17,0,0,100.0
FBgn0004369,Ptp99A,18,18,18,0,0,100.0
FBgn0031711,CG6907,7,7,7,0,0,100.0
FBgn0043364,cbt,5,5,5,0,0,100.0
FBgn0040395,Unc-76,4,4,4,0,0,100.0
FBgn0031061,CG14232,3,3,3,0,0,100.0
FBgn0002638,Rcc1,8,8,8,0,0,100.0
FBgn0035107,mri,4,4,4,0,0,100.0
FBgn0051523,CG31523,2,2,2,0,0,100.0
FBgn0052685,ZAP3,11,11,11,0,0,100.0
FBgn0000721,for,7,7,7,0,0,100.0
FBgn0033737,Nup54,13,13,13,0,0,100.0
FBgn0053128,CG33128,7,7,7,0,0,100.0
FBgn0001149,GstD1,34,32,32,0,0,100.0
FBgn0035213,CG2199,4,4,4,0,0,100.0
FBgn0000121,Arr2,3,3,3,0,0,100.0
FBgn0040351,CG11638,2,2,2,0,0,100.0
FBgn0037678,CG16749,8,8,8,0,0,100.0
FBgn0004132,boca,8,8,8,0,0,100.0
FBgn0036805,Chmp1,5,5,5,0,0,100.0
FBgn0028292,ric8a,2,2,2,0,0,100.0
FBgn0004581,bgcn,2,2,2,0,0,100.0
FBgn0033155,Br140,5,5,5,0,0,100.0
FBgn0035600,Cyt-c1,5,5,5,0,0,100.0
FBgn0037552,CG7800,3,3,3,0,0,100.0
FBgn0016036,mei-P22,2,2,2,0,0,100.0
FBgn0038145,Droj2,15,15,15,0,0,100.0
FBgn0038952,CG7069,4,4,4,0,0,100.0
FBgn0250815,Jon65Aiv,5,5,5,0,0,100.0
FBgn0037670,Ibf1,5,5,5,0,0,100.0
FBgn0034572,CG9346,2,2,2,0,0,100.0
FBgn0031604,Elp3,9,9,9,0,0,100.0
FBgn0026582,Hmg-2,14,13,13,0,0,100.0
FBgn0019644,ATPsynB,7,7,7,0,0,100.0
FBgn0267033,mamo,8,8,8,0,0,100.0
FBgn0038461,EMC2B,4,4,4,0,0,100.0
FBgn0037517,CG10086,7,7,7,0,0,100.0
FBgn0036258,eIF3l,7,7,7,0,0,100.0
FBgn0052199,CG32199,21,21,21,0,0,100.0
FBgn0053977,Dpm3,9,9,9,0,0,100.0
FBgn0036733,U4-U6-60K,7,7,7,0,0,100.0
FBgn0035049,Mmp1,6,6,6,0,0,100.0
FBgn0005612,Sox14,7,7,7,0,0,100.0
FBgn0011455,ND-SGDH,4,4,4,0,0,100.0
FBgn0033692,wash,9,9,9,0,0,100.0
FBgn0030241,feo,3,3,3,0,0,100.0
FBgn0085424,nub,10,10,10,0,0,100.0
FBgn0038239,,3,0,0,0,0,
FBgn0035630,CG10576,21,21,21,0,0,100.0
FBgn0032200,CG5676,2,2,2,0,0,100.0
FBgn0010173,RpA-70,2,2,2,0,0,100.0
FBgn0028546,ics,7,7,7,0,0,100.0
FBgn0030671,CG8134,2,2,2,0,0,100.0
FBgn0033381,GstE13,28,28,28,0,0,100.0
FBgn0036527,CG7304,6,6,6,0,0,100.0
FBgn0031563,CG10031,3,3,3,0,0,100.0
FBgn0038588,CG7156,5,5,5,0,0,100.0
FBgn0264895,RapGAP1,7,7,7,0,0,100.0
FBgn0002590,RpS5a,22,22,22,0,0,100.0
FBgn0265011,Np,4,4,4,0,0,100.0
FBgn0039767,CG2218,4,4,4,0,0,100.0
FBgn0000459,disco,15,15,15,0,0,100.0
FBgn0003997,hid,12,12,12,0,0,100.0
FBgn0023169,AMPKalpha,30,30,30,0,0,100.0
FBgn0004876,cdi,3,3,3,0,0,100.0
FBgn0037922,CG14711,5,5,5,0,0,100.0
FBgn0005778,PpD5,30,30,30,0,0,100.0
FBgn0011327,Uch-L5,2,2,2,0,0,100.0
FBgn0050062,CG30062,6,6,6,0,0,100.0
FBgn0037718,P58IPK,5,5,5,0,0,100.0
FBgn0035670,CG10472,3,3,3,0,0,100.0
FBgn0038706,CG3517,2,2,2,0,0,100.0
FBgn0002566,lt,7,7,7,0,0,100.0
FBgn0011569,can,2,2,2,0,0,100.0
FBgn0026376,Rgl,5,5,5,0,0,100.0
FBgn0003886,alphaTub85E,4,4,4,0,0,100.0
FBgn0259170,alpha-Man-Ia,10,10,10,0,0,100.0
FBgn0052133,Ptip,9,9,9,0,0,100.0
FBgn0003130,Poxn,10,10,10,0,0,100.0
FBgn0037220,CG14641,16,16,16,0,0,100.0
FBgn0004118,nAChRbeta2,5,5,5,0,0,100.0
FBgn0260027,CG42495,5,5,5,0,0,100.0
FBgn0040093,lectin-46Ca,4,4,4,0,0,100.0
FBgn0031598,Vps53,3,3,3,0,0,100.0
FBgn0036373,Tgi,3,3,3,0,0,100.0
FBgn0010303,hep,3,3,3,0,0,100.0
FBgn0001124,Got1,4,4,4,0,0,100.0
FBgn0011640,lark,5,5,5,0,0,100.0
FBgn0028538,Sec71,2,2,2,0,0,100.0
FBgn0263351,AP-2mu,13,13,13,0,0,100.0
FBgn0038426,mRpS33,5,5,5,0,0,100.0
FBgn0036661,CG9705,14,14,14,0,0,100.0
FBgn0085188,CG34159,5,5,5,0,0,100.0
FBgn0031776,Pfdn1,6,6,6,0,0,100.0
FBgn0038511,cysu,2,2,2,0,0,100.0
FBgn0029907,Atx-1,7,7,7,0,0,100.0
FBgn0051875,CG31875,5,5,5,0,0,100.0
FBgn0260450,CalpC,2,2,2,0,0,100.0
FBgn0000592,Est-6,4,4,4,0,0,100.0
FBgn0061515,endos,3,3,3,0,0,100.0
FBgn0025633,CG13366,4,4,4,0,0,100.0
FBgn0035640,mad2,18,17,17,0,0,100.0
FBgn0004868,Gdi,12,12,12,0,0,100.0
FBgn0003979,Vm26Aa,2,2,2,0,0,100.0
FBgn0039054,Cow,3,3,3,0,0,100.0
FBgn0003430,slp1,16,16,16,0,0,100.0
FBgn0032129,jp,3,3,3,0,0,100.0
FBgn0001197,His2Av,10,10,10,0,0,100.0
FBgn0051145,CG31145,3,3,3,0,0,100.0
FBgn0040765,luna,2,2,2,0,0,100.0
FBgn0039585,CG1894,15,14,14,0,0,100.0
FBgn0035414,CG14965,4,4,4,0,0,100.0
FBgn0002921,Atpalpha,4,4,4,0,0,100.0
FBgn0032130,brwl,4,4,4,0,0,100.0
FBgn0003450,snk,3,3,3,0,0,100.0
FBgn0031930,CG7025,3,3,3,0,0,100.0
FBgn0032987,RpL21,21,21,21,0,0,100.0
FBgn0028543,NimB2,2,2,2,0,0,100.0
FBgn0086909,CG31751,3,3,3,0,0,100.0
FBgn0028983,Spn55B,7,7,7,0,0,100.0
FBgn0002626,RpL32,17,17,17,0,0,100.0
FBgn0250823,gish,26,26,26,0,0,100.0
FBgn0284248,Cyt-c-p,5,5,5,0,0,100.0
FBgn0036923,CG17732,5,5,5,0,0,100.0
FBgn0000964,tj,21,21,21,0,0,100.0
FBgn0085369,Drgx,3,3,3,0,0,100.0
FBgn0003483,spn-E,5,5,5,0,0,100.0
FBgn0264691,Lst8,6,6,6,0,0,100.0
FBgn0036619,Cpr72Ec,3,3,3,0,0,100.0
FBgn0052409,CG32409,15,15,15,0,0,100.0
FBgn0039654,Brd8,4,4,4,0,0,100.0
FBgn0039808,CG12071,2,2,2,0,0,100.0
FBgn0033806,FLASH,17,17,17,0,0,100.0
FBgn0029785,RpL35,20,20,20,0,0,100.0
FBgn0005677,dac,13,13,13,0,0,100.0
FBgn0035532,CG15014,11,11,11,0,0,100.0
FBgn0004780,Ccp84Ad,2,2,2,0,0,100.0
FBgn0000233,btd,2,2,2,0,0,100.0
FBgn0015625,CycB3,8,8,8,0,0,100.0
FBgn0031937,CG13795,4,4,4,0,0,100.0
FBgn0266721,gammaSnap2,5,5,5,0,0,100.0
FBgn0032083,CG9541,2,2,2,0,0,100.0
FBgn0031768,IPIP,12,12,12,0,0,100.0
FBgn0033056,CG7856,4,4,4,0,0,100.0
FBgn0026179,siz,7,7,7,0,0,100.0
FBgn0034312,CG10916,3,3,3,0,0,100.0
FBgn0038865,cDIP,12,12,12,0,0,100.0
FBgn0030505,NFAT,9,9,9,0,0,100.0
FBgn0050011,gem,8,8,8,0,0,100.0
FBgn0036107,galla-2,3,3,3,0,0,100.0
FBgn0031696,Bub1,27,25,25,0,0,100.0
FBgn0053839,His3:CG33839,3,3,3,0,0,100.0
FBgn0003557,Su(dx),10,10,10,0,0,100.0
FBgn0029131,Debcl,3,3,3,0,0,100.0
FBgn0030320,CG2247,2,2,2,0,0,100.0
FBgn0086362,spn-F,10,10,10,0,0,100.0
FBgn0034599,hng1,10,10,10,0,0,100.0
FBgn0043903,dome,7,7,7,0,0,100.0
FBgn0039398,CG14540,4,4,4,0,0,100.0
FBgn0003114,plu,5,5,5,0,0,100.0
FBgn0033544,CG7220,6,5,5,0,0,100.0
FBgn0004636,Rap1,20,20,20,0,0,100.0
FBgn0000535,eag,3,3,3,0,0,100.0
FBgn0036856,CG9666,2,2,2,0,0,100.0
FBgn0261394,Prosalpha3,10,10,10,0,0,100.0
FBgn0033616,CG7745,2,2,2,0,0,100.0
FBgn0036924,hale,18,18,18,0,0,100.0
FBgn0039300,RpS27,24,24,24,0,0,100.0
FBgn0040064,yip2,2,2,2,0,0,100.0
FBgn0016131,Cdk4,19,19,19,0,0,100.0
FBgn0034712,Alp8,13,13,13,0,0,100.0
FBgn0002735,E(spl)mgamma-HLH,23,23,23,0,0,100.0
FBgn0259699,,2,0,0,0,0,
FBgn0264785,Hph,6,6,6,0,0,100.0
FBgn0037328,RpL35A,18,18,18,0,0,100.0
FBgn0036861,CG14089,2,1,1,0,0,100.0
FBgn0029714,CG3527,2,2,2,0,0,100.0
FBgn0034461,CG15124,8,8,8,0,0,100.0
FBgn0287234,slf,2,2,2,0,0,100.0
FBgn0260985,RfC4,5,5,5,0,0,100.0
FBgn0024236,foi,4,4,4,0,0,100.0
FBgn0020279,lig,6,6,6,0,0,100.0
FBgn0039451,CG6420,4,4,4,0,0,100.0
FBgn0263117,CG34377,8,8,8,0,0,100.0
FBgn0026375,RhoGAPp190,4,4,4,0,0,100.0
FBgn0037551,Arl8,8,8,8,0,0,100.0
FBgn0030838,CG5445,3,3,3,0,0,100.0
FBgn0265574,Cdc5,44,44,44,0,0,100.0
FBgn0050036,CG30036,4,4,4,0,0,100.0
FBgn0051955,CG31955,6,6,6,0,0,100.0
FBgn0035690,CG10274,7,7,7,0,0,100.0
FBgn0038109,CG11656,3,3,3,0,0,100.0
FBgn0003065,CG2150,3,3,3,0,0,100.0
FBgn0035481,CG12605,2,2,2,0,0,100.0
FBgn0264449,CG43867,2,2,2,0,0,100.0
FBgn0033341,MrgBP,3,3,3,0,0,100.0
FBgn0284249,Adf1,3,3,3,0,0,100.0
FBgn0001218,Hsc70-3,31,30,30,0,0,100.0
FBgn0043012,AP-2sigma,4,4,4,0,0,100.0
FBgn0032593,Trpgamma,2,2,2,0,0,100.0
FBgn0000173,ben,14,14,14,0,0,100.0
FBgn0033210,U2A,9,9,9,0,0,100.0
FBgn0024329,Mekk1,4,4,4,0,0,100.0
FBgn0034590,Magi,4,4,4,0,0,100.0
FBgn0026088,CG14818,10,10,10,0,0,100.0
FBgn0014028,SdhB,10,10,10,0,0,100.0
FBgn0039740,ZIPIC,2,2,2,0,0,100.0
FBgn0005631,robo1,8,8,8,0,0,100.0
FBgn0036795,CG18233,2,2,2,0,0,100.0
FBgn0035603,Pfdn4,3,3,3,0,0,100.0
FBgn0039130,CG5854,2,2,2,0,0,100.0
FBgn0037610,CG8043,3,3,3,0,0,100.0
FBgn0032921,Mpp6,2,2,2,0,0,100.0
FBgn0002631,E(spl)m5-HLH,10,10,10,0,0,100.0
FBgn0039611,Nepl18,4,4,4,0,0,100.0
FBgn0033884,CG13344,3,3,3,0,0,100.0
FBgn0025800,Smox,34,34,34,0,0,100.0
FBgn0028537,CG31775,3,3,3,0,0,100.0
FBgn0039955,CG41099,4,4,4,0,0,100.0
FBgn0028408,Drep2,6,6,6,0,0,100.0
FBgn0261049,Vps45,5,5,5,0,0,100.0
FBgn0001220,Hsc70-5,16,16,16,0,0,100.0
FBgn0028668,Vha16-2,2,2,2,0,0,100.0
FBgn0030330,Tango10,2,2,2,0,0,100.0
FBgn0025641,DAAM,15,15,15,0,0,100.0
FBgn0004860,ph-d,11,11,11,0,0,100.0
FBgn0053481,dpr7,6,6,6,0,0,100.0
FBgn0019624,COX5A,5,5,5,0,0,100.0
FBgn0086912,mbm,2,2,2,0,0,100.0
FBgn0260747,Chchd2,2,2,2,0,0,100.0
FBgn0011703,RnrL,2,2,2,0,0,100.0
FBgn0041627,Ku80,7,7,7,0,0,100.0
FBgn0039977,CG17454,3,3,3,0,0,100.0
FBgn0262730,dtn,13,13,13,0,0,100.0
FBgn0024188,san,6,6,6,0,0,100.0
FBgn0264486,CG43894,2,2,2,0,0,100.0
FBgn0004360,Wnt2,16,16,16,0,0,100.0
FBgn0032596,Prosbeta4,5,5,5,0,0,100.0
FBgn0259243,Pka-R1,3,3,3,0,0,100.0
FBgn0028429,I-2,6,6,6,0,0,100.0
FBgn0032884,Pomp,11,11,11,0,0,100.0
FBgn0017558,Pdk,8,8,8,0,0,100.0
FBgn0261564,ReepA,6,6,6,0,0,100.0
FBgn0086348,se,12,12,12,0,0,100.0
FBgn0037621,M1BP,13,13,13,0,0,100.0
FBgn0034144,CG5089,4,4,4,0,0,100.0
FBgn0034650,NC2alpha,7,7,7,0,0,100.0
FBgn0033988,pcs,10,9,9,0,0,100.0
FBgn0265416,Neto,16,16,16,0,0,100.0
FBgn0260945,Atg1,38,38,38,0,0,100.0
